27.5000,27.5050,27.5100,27.5150,27.5200,27.5250,27.5300,27.5350,27.5400,27.5450,27.5500,27.5550,27.5600,27.5650,27.5700,27.5750,27.5800,27.5850,27.5900,27.5950,27.6000,27.6050,27.6100,27.6150,27.6200,27.6250,27.6300,27.6350,27.6400,27.6451,27.6501,27.6551,27.6601,27.6651,27.6701,27.6751,27.6801,27.6851,27.6901,27.6951,27.7001,27.7051,27.7101,27.7151,27.7200,27.7250,27.7300,27.7350,27.7400,27.7450,27.7500,27.7550,27.7600,27.7650,27.7700,27.7750,27.7800,27.7850,27.7900,27.7950,27.8000,27.8050,27.8100,27.8150,27.8200,27.8250,27.8300,27.8351,27.8401,27.8451,27.8501,27.8551,27.8602,27.8652,27.8703,27.8753,27.8804,27.8854,27.8905,27.8956,27.9007,27.9057,27.9108,27.9159,27.9210,27.9261,27.9311,27.9362,27.9412,27.9463,27.9513,27.9563,27.9613,27.9663,27.9713,27.9763,27.9812,27.9862,27.9911,27.9961,28.0010,28.0059,28.0108,28.0157,28.0207,28.0256,28.0305,28.0354,28.0404,28.0453,28.0503,28.0552,28.0602,28.0651,28.0701,28.0751,28.0801,28.0851,28.0900,28.0950,28.1000,28.1050,28.1100,28.1150,28.1200,28.1250,28.1300,28.1350
27.5000,27.5050,27.5100,27.5150,27.5200,27.5250,27.5300,27.5350,27.5400,27.5450,27.5500,27.5550,27.5600,27.5650,27.5700,27.5750,27.5800,27.5850,27.5900,27.5950,27.6000,27.6050,27.6100,27.6150,27.6200,27.6250,27.6301,27.6351,27.6401,27.6451,27.6501,27.6551,27.6601,27.6651,27.6701,27.6751,27.6801,27.6851,27.6901,27.6951,27.7001,27.7051,27.7101,27.7151,27.7201,27.7251,27.7301,27.7350,27.7400,27.7450,27.7500,27.7550,27.7600,27.7650,27.7700,27.7750,27.7800,27.7850,27.7900,27.7950,27.8000,27.8050,27.8100,27.8150,27.8200,27.8250,27.8301,27.8351,27.8401,27.8451,27.8502,27.8552,27.8603,27.8653,27.8704,27.8754,27.8805,27.8856,27.8907,27.8958,27.9009,27.9060,27.9111,27.9162,27.9214,27.9265,27.9316,27.9366,27.9417,27.9468,27.9518,27.9569,27.9619,27.9669,27.9718,27.9768,27.9817,27.9866,27.9916,27.9965,28.0014,28.0062,28.0111,28.0160,28.0209,28.0258,28.0307,28.0356,28.0405,28.0454,28.0504,28.0553,28.0603,28.0652,28.0702,28.0751,28.0801,28.0851,28.0901,28.0950,28.1000,28.1050,28.1100,28.1150,28.1200,28.1250,28.1300,28.1350
27.5000,27.5050,27.5100,27.5150,27.5200,27.5250,27.5300,27.5350,27.5400,27.5450,27.5500,27.5550,27.5600,27.5650,27.5700,27.5750,27.5800,27.5850,27.5900,27.5950,27.6000,27.6050,27.6100,27.6151,27.6201,27.6251,27.6301,27.6351,27.6401,27.6451,27.6502,27.6552,27.6602,27.6652,27.6702,27.6752,27.6802,27.6852,27.6902,27.6952,27.7002,27.7052,27.7102,27.7151,27.7201,27.7251,27.7301,27.7351,27.7401,27.7451,27.7500,27.7550,27.7600,27.7650,27.7700,27.7750,27.7800,27.7850,27.7900,27.7950,27.8000,27.8050,27.8100,27.8150,27.8201,27.8251,27.8301,27.8351,27.8401,27.8452,27.8502,27.8553,27.8603,27.8654,27.8705,27.8756,27.8807,27.8858,27.8910,27.8961,27.9013,27.9064,27.9116,27.9167,27.9219,27.9270,27.9322,27.9373,27.9424,27.9475,27.9525,27.9576,27.9626,27.9676,27.9725,27.9775,27.9824,27.9873,27.9922,27.9970,28.0019,28.0067,28.0116,28.0164,28.0213,28.0261,28.0310,28.0358,28.0407,28.0456,28.0505,28.0554,28.0603,28.0653,28.0702,28.0752,28.0801,28.0851,28.0901,28.0951,28.1001,28.1050,28.1100,28.1150,28.1200,28.1250,28.1300,28.1350
27.5000,27.5050,27.5100,27.5150,27.5200,27.5250,27.5300,27.5350,27.5400,27.5450,27.5500,27.5550,27.5600,27.5650,27.5700,27.5750,27.5800,27.5850,27.5900,27.5950,27.6000,27.6051,27.6101,27.6151,27.6201,27.6251,27.6301,27.6352,27.6402,27.6452,27.6502,27.6553,27.6603,27.6653,27.6703,27.6753,27.6803,27.6853,27.6903,27.6953,27.7003,27.7053,27.7102,27.7152,27.7202,27.7252,27.7301,27.7351,27.7401,27.7451,27.7501,27.7551,27.7600,27.7650,27.7700,27.7750,27.7800,27.7850,27.7900,27.7950,27.8000,27.8050,27.8100,27.8151,27.8201,27.8251,27.8301,27.8352,27.8402,27.8453,27.8503,27.8554,27.8605,27.8656,27.8707,27.8758,27.8810,27.8861,27.8913,27.8965,27.9017,27.9069,27.9121,27.9174,27.9226,27.9278,27.9330,27.9381,27.9433,27.9484,27.9535,27.9585,27.9635,27.9685,27.9735,27.9784,27.9833,27.9881,27.9930,27.9978,28.0026,28.0074,28.0121,28.0169,28.0217,28.0265,28.0313,28.0361,28.0410,28.0458,28.0507,28.0556,28.0605,28.0654,28.0703,28.0753,28.0802,28.0852,28.0901,28.0951,28.1001,28.1051,28.1100,28.1150,28.1200,28.1250,28.1300,28.1350
27.5000,27.5050,27.5100,27.5150,27.5200,27.5250,27.5300,27.5350,27.5400,27.5450,27.5500,27.5550,27.5600,27.5650,27.5700,27.5750,27.5800,27.5850,27.5900,27.5951,27.6001,27.6051,27.6101,27.6151,27.6202,27.6252,27.6302,27.6353,27.6403,27.6453,27.6504,27.6554,27.6604,27.6655,27.6705,27.6755,27.6805,27.6855,27.6905,27.6955,27.7004,27.7054,27.7104,27.7153,27.7203,27.7253,27.7302,27.7352,27.7402,27.7451,27.7501,27.7551,27.7601,27.7651,27.7700,27.7750,27.7800,27.7850,27.7900,27.7950,27.8000,27.8050,27.8101,27.8151,27.8201,27.8251,27.8302,27.8352,27.8403,27.8453,27.8504,27.8555,27.8607,27.8658,27.8710,27.8761,27.8813,27.8866,27.8918,27.8971,27.9023,27.9076,27.9129,27.9182,27.9235,27.9288,27.9340,27.9392,27.9444,27.9496,27.9547,27.9598,27.9648,27.9698,27.9747,27.9796,27.9844,27.9892,27.9940,27.9988,28.0035,28.0082,28.0129,28.0176,28.0223,28.0271,28.0318,28.0366,28.0413,28.0461,28.0510,28.0558,28.0607,28.0655,28.0704,28.0753,28.0803,28.0852,28.0902,28.0951,28.1001,28.1051,28.1101,28.1150,28.1200,28.1250,28.1300,28.1350
27.5000,27.5050,27.5100,27.5150,27.5200,27.5250,27.5300,27.5350,27.5400,27.5450,27.5500,27.5550,27.5600,27.5650,27.5700,27.5750,27.5800,27.5850,27.5901,27.5951,27.6001,27.6051,27.6102,27.6152,27.6203,27.6253,27.6304,27.6354,27.6405,27.6455,27.6506,27.6556,27.6607,27.6657,27.6707,27.6758,27.6808,27.6858,27.6907,27.6957,27.7007,27.7056,27.7106,27.7155,27.7205,27.7254,27.7304,27.7353,27.7403,27.7452,27.7502,27.7551,27.7601,27.7651,27.7701,27.7751,27.7800,27.7850,27.7900,27.7950,27.8000,27.8051,27.8101,27.8151,27.8201,27.8252,27.8302,27.8353,27.8404,27.8455,27.8506,27.8557,27.8609,27.8661,27.8713,27.8765,27.8818,27.8871,27.8924,27.8978,27.9032,27.9086,27.9140,27.9193,27.9247,27.9301,27.9354,27.9407,27.9460,27.9512,27.9564,27.9615,27.9665,27.9715,27.9764,27.9812,27.9860,27.9907,27.9954,28.0001,28.0047,28.0093,28.0140,28.0186,28.0232,28.0278,28.0324,28.0371,28.0418,28.0465,28.0513,28.0561,28.0609,28.0657,28.0706,28.0755,28.0804,28.0853,28.0902,28.0952,28.1001,28.1051,28.1101,28.1151,28.1200,28.1250,28.1300,28.1350
27.5000,27.5050,27.5100,27.5150,27.5200,27.5250,27.5300,27.5350,27.5400,27.5450,27.5500,27.5550,27.5600,27.5650,27.5700,27.5750,27.5801,27.5851,27.5901,27.5951,27.6002,27.6052,27.6103,27.6153,27.6204,27.6255,27.6305,27.6356,27.6407,27.6458,27.6509,27.6560,27.6610,27.6661,27.6711,27.6762,27.6812,27.6862,27.6911,27.6961,27.7010,27.7060,27.7109,27.7158,27.7207,27.7256,27.7305,27.7355,27.7404,27.7453,27.7503,27.7552,27.7602,27.7651,27.7701,27.7751,27.7801,27.7851,27.7901,27.7951,27.8001,27.8051,27.8101,27.8151,27.8202,27.8252,27.8303,27.8354,27.8405,27.8456,27.8508,27.8560,27.8612,27.8664,27.8717,27.8771,27.8824,27.8878,27.8933,27.8988,27.9043,27.9098,27.9153,27.9208,27.9264,27.9318,27.9373,27.9427,27.9481,27.9534,27.9586,27.9637,27.9687,27.9737,27.9786,27.9834,27.9881,27.9927,27.9973,28.0018,28.0064,28.0108,28.0153,28.0198,28.0243,28.0288,28.0333,28.0378,28.0424,28.0471,28.0517,28.0564,28.0612,28.0660,28.0708,28.0756,28.0805,28.0854,28.0903,28.0952,28.1002,28.1051,28.1101,28.1151,28.1201,28.1250,28.1300,28.1350
27.5000,27.5050,27.5100,27.5150,27.5200,27.5250,27.5300,27.5350,27.5400,27.5450,27.5500,27.5550,27.5600,27.5650,27.5700,27.5751,27.5801,27.5851,27.5901,27.5952,27.6002,27.6053,27.6104,27.6155,27.6206,27.6257,27.6308,27.6360,27.6411,27.6462,27.6514,27.6565,27.6616,27.6667,27.6717,27.6768,27.6818,27.6868,27.6917,27.6967,27.7016,27.7065,27.7114,27.7162,27.7211,27.7260,27.7308,27.7357,27.7406,27.7455,27.7504,27.7553,27.7602,27.7652,27.7702,27.7751,27.7801,27.7851,27.7901,27.7951,27.8001,27.8051,27.8101,27.8152,27.8202,27.8253,27.8304,27.8355,27.8407,27.8458,27.8510,27.8563,27.8616,27.8669,27.8723,27.8778,27.8832,27.8888,27.8944,27.9000,27.9057,27.9114,27.9171,27.9228,27.9285,27.9341,27.9397,27.9453,27.9508,27.9562,27.9614,27.9666,27.9717,27.9766,27.9814,27.9862,27.9908,27.9953,27.9997,28.0041,28.0085,28.0128,28.0171,28.0214,28.0257,28.0300,28.0344,28.0388,28.0432,28.0478,28.0523,28.0569,28.0616,28.0663,28.0710,28.0758,28.0807,28.0855,28.0904,28.0953,28.1002,28.1052,28.1101,28.1151,28.1201,28.1251,28.1300,28.1350
27.5000,27.5050,27.5100,27.5150,27.5200,27.5250,27.5300,27.5350,27.5400,27.5450,27.5500,27.5550,27.5600,27.5650,27.5701,27.5751,27.5801,27.5852,27.5902,27.5953,27.6004,27.6055,27.6106,27.6157,27.6209,27.6260,27.6312,27.6364,27.6416,27.6468,27.6520,27.6572,27.6624,27.6675,27.6726,27.6777,27.6827,27.6877,27.6926,27.6975,27.7024,27.7072,27.7120,27.7168,27.7216,27.7264,27.7312,27.7360,27.7409,27.7457,27.7506,27.7555,27.7604,27.7653,27.7702,27.7752,27.7801,27.7851,27.7901,27.7951,27.8001,27.8051,27.8102,27.8152,27.8203,27.8254,27.8305,27.8357,27.8409,27.8461,27.8514,27.8567,27.8621,27.8675,27.8731,27.8786,27.8843,27.8900,27.8958,27.9016,27.9075,27.9134,27.9194,27.9253,27.9312,27.9371,27.9429,27.9486,27.9543,27.9598,27.9652,27.9704,27.9755,27.9804,27.9852,27.9898,27.9943,27.9986,28.0029,28.0071,28.0112,28.0153,28.0194,28.0234,28.0275,28.0316,28.0358,28.0400,28.0443,28.0486,28.0531,28.0575,28.0621,28.0667,28.0714,28.0761,28.0809,28.0857,28.0905,28.0954,28.1003,28.1052,28.1102,28.1151,28.1201,28.1251,28.1300,28.1350
27.5000,27.5050,27.5100,27.5150,27.5200,27.5250,27.5300,27.5350,27.5400,27.5450,27.5500,27.5550,27.5600,27.5651,27.5701,27.5751,27.5802,27.5852,27.5903,27.5954,27.6005,27.6057,27.6109,27.6161,27.6213,27.6265,27.6318,27.6371,27.6424,27.6477,27.6530,27.6583,27.6635,27.6687,27.6739,27.6790,27.6840,27.6890,27.6939,27.6987,27.7035,27.7083,27.7130,27.7177,27.7224,27.7271,27.7318,27.7365,27.7413,27.7461,27.7509,27.7557,27.7605,27.7654,27.7703,27.7753,27.7802,27.7852,27.7902,27.7952,27.8002,27.8052,27.8102,27.8153,27.8204,27.8255,27.8307,27.8359,27.8411,27.8464,27.8518,27.8572,27.8628,27.8683,27.8740,27.8798,27.8857,27.8916,27.8976,27.9037,27.9099,27.9161,27.9223,27.9286,27.9348,27.9409,27.9470,27.9530,27.9588,27.9644,27.9699,27.9752,27.9803,27.9852,27.9899,27.9944,27.9988,28.0030,28.0070,28.0109,28.0148,28.0186,28.0223,28.0261,28.0299,28.0337,28.0376,28.0416,28.0457,28.0498,28.0540,28.0583,28.0628,28.0672,28.0718,28.0764,28.0811,28.0859,28.0907,28.0955,28.1004,28.1053,28.1102,28.1152,28.1201,28.1251,28.1301,28.1350
27.5000,27.5050,27.5100,27.5150,27.5200,27.5250,27.5300,27.5350,27.5400,27.5450,27.5500,27.5550,27.5601,27.5651,27.5701,27.5752,27.5803,27.5853,27.5905,27.5956,27.6008,27.6060,27.6113,27.6166,27.6219,27.6273,27.6327,27.6381,27.6436,27.6490,27.6544,27.6598,27.6652,27.6705,27.6757,27.6808,27.6859,27.6908,27.6957,27.7005,27.7052,27.7098,27.7144,27.7190,27.7236,27.7281,27.7327,27.7373,27.7419,27.7466,27.7513,27.7560,27.7608,27.7656,27.7705,27.7754,27.7803,27.7852,27.7902,27.7952,27.8002,27.8053,27.8103,27.8154,27.8205,27.8257,27.8309,27.8362,27.8415,27.8469,27.8524,27.8579,27.8636,27.8694,27.8753,27.8813,27.8874,27.8936,27.9000,27.9064,27.9129,27.9195,27.9261,27.9327,27.9393,27.9458,27.9522,27.9585,27.9645,27.9704,27.9761,27.9814,27.9866,27.9914,27.9961,28.0004,28.0045,28.0085,28.0122,28.0158,28.0193,28.0227,28.0261,28.0295,28.0329,28.0364,28.0400,28.0436,28.0474,28.0513,28.0553,28.0594,28.0636,28.0679,28.0724,28.0769,28.0815,28.0862,28.0909,28.0957,28.1005,28.1054,28.1103,28.1152,28.1202,28.1251,28.1301,28.1351
27.5000,27.5050,27.5100,27.5150,27.5200,27.5250,27.5300,27.5350,27.5400,27.5450,27.5500,27.5551,27.5601,27.5651,27.5702,27.5753,27.5804,27.5855,27.5907,27.5959,27.6012,27.6065,27.6118,27.6173,27.6228,27.6283,27.6339,27.6395,27.6452,27.6508,27.6564,27.6620,27.6675,27.6729,27.6783,27.6835,27.6885,27.6935,27.6983,27.7029,27.7075,27.7120,27.7164,27.7208,27.7252,27.7295,27.7339,27.7383,27.7428,27.7473,27.7518,27.7565,27.7612,27.7659,27.7707,27.7755,27.7804,27.7853,27.7903,27.7953,27.8003,27.8053,27.8104,27.8155,27.8207,27.8259,27.8312,27.8365,27.8419,27.8475,27.8531,27.8588,27.8647,27.8707,27.8768,27.8831,27.8896,27.8962,27.9029,27.9098,27.9168,27.9238,27.9309,27.9380,27.9450,27.9520,27.9588,27.9654,27.9718,27.9780,27.9838,27.9893,27.9945,27.9993,28.0038,28.0080,28.0118,28.0154,28.0188,28.0220,28.0250,28.0280,28.0309,28.0338,28.0368,28.0398,28.0429,28.0462,28.0496,28.0531,28.0568,28.0607,28.0647,28.0688,28.0731,28.0774,28.0819,28.0865,28.0912,28.0959,28.1007,28.1055,28.1104,28.1153,28.1202,28.1251,28.1301,28.1351
27.5000,27.5050,27.5100,27.5150,27.5200,27.5250,27.5300,27.5350,27.5400,27.5450,27.5501,27.5551,27.5601,27.5652,27.5703,27.5754,27.5805,27.5857,27.5910,27.5963,27.6017,27.6071,27.6127,27.6183,27.6240,27.6298,27.6356,27.6415,27.6474,27.6534,27.6593,27.6651,27.6708,27.6764,27.6819,27.6872,27.6923,27.6972,27.7019,27.7064,27.7108,27.7151,27.7193,27.7234,27.7274,27.7315,27.7356,27.7398,27.7440,27.7483,27.7527,27.7571,27.7617,27.7663,27.7710,27.7758,27.7806,27.7855,27.7904,27.7954,27.8004,27.8055,27.8106,27.8157,27.8209,27.8262,27.8315,27.8370,27.8425,27.8482,27.8540,27.8599,27.8660,27.8723,27.8788,27.8855,27.8924,27.8994,27.9067,27.9141,27.9216,27.9293,27.9370,27.9446,27.9523,27.9598,27.9671,27.9742,27.9810,27.9875,27.9936,27.9992,28.0044,28.0092,28.0136,28.0175,28.0210,28.0242,28.0271,28.0298,28.0323,28.0346,28.0370,28.0393,28.0416,28.0441,28.0467,28.0494,28.0524,28.0555,28.0588,28.0623,28.0660,28.0699,28.0740,28.0782,28.0825,28.0870,28.0915,28.0962,28.1009,28.1057,28.1105,28.1154,28.1203,28.1252,28.1301,28.1351
27.5000,27.5050,27.5100,27.5150,27.5200,27.5250,27.5300,27.5350,27.5400,27.5451,27.5501,27.5551,27.5602,27.5653,27.5704,27.5756,27.5808,27.5860,27.5914,27.5968,27.6024,27.6080,27.6138,27.6197,27.6257,27.6318,27.6380,27.6443,27.6506,27.6569,27.6632,27.6694,27.6754,27.6813,27.6870,27.6924,27.6975,27.7024,27.7070,27.7113,27.7154,27.7194,27.7232,27.7269,27.7306,27.7343,27.7380,27.7418,27.7457,27.7497,27.7538,27.7580,27.7624,27.7669,27.7714,27.7761,27.7809,27.7857,27.7906,27.7955,27.8005,27.8056,27.8107,27.8159,27.8212,27.8265,27.8320,27.8375,27.8432,27.8490,27.8551,27.8613,27.8677,27.8744,27.8813,27.8884,27.8958,27.9035,27.9113,27.9194,27.9277,27.9360,27.9445,27.9529,27.9613,27.9695,27.9775,27.9852,27.9925,27.9994,28.0057,28.0116,28.0169,28.0216,28.0257,28.0294,28.0325,28.0352,28.0375,28.0395,28.0413,28.0429,28.0445,28.0460,28.0477,28.0494,28.0513,28.0535,28.0558,28.0584,28.0613,28.0644,28.0677,28.0713,28.0751,28.0790,28.0832,28.0875,28.0919,28.0965,28.1011,28.1058,28.1106,28.1155,28.1203,28.1252,28.1302,28.1351
27.5000,27.5050,27.5100,27.5150,27.5200,27.5250,27.5300,27.5350,27.5401,27.5451,27.5501,27.5552,27.5603,27.5654,27.5706,27.5758,27.5811,27.5865,27.5920,27.5976,27.6033,27.6093,27.6153,27.6216,27.6280,27.6346,27.6413,27.6481,27.6550,27.6619,27.6687,27.6753,27.6818,27.6880,27.6939,27.6995,27.7047,27.7095,27.7139,27.7180,27.7218,27.7253,27.7287,27.7319,27.7350,27.7381,27.7413,27.7446,27.7480,27.7516,27.7554,27.7593,27.7634,27.7676,27.7720,27.7765,27.7812,27.7859,27.7908,27.7957,27.8007,27.8058,27.8109,27.8162,27.8215,27.8269,27.8325,27.8382,27.8441,27.8501,27.8564,27.8630,27.8698,27.8769,27.8843,27.8920,27.9001,27.9085,27.9171,27.9260,27.9352,27.9445,27.9538,27.9632,27.9725,27.9816,27.9903,27.9988,28.0067,28.0141,28.0208,28.0269,28.0323,28.0369,28.0408,28.0441,28.0467,28.0488,28.0503,28.0516,28.0525,28.0532,28.0538,28.0545,28.0552,28.0560,28.0571,28.0585,28.0601,28.0620,28.0643,28.0669,28.0698,28.0730,28.0764,28.0801,28.0841,28.0882,28.0925,28.0969,28.1014,28.1061,28.1108,28.1156,28.1204,28.1253,28.1302,28.1352
27.5000,27.5050,27.5100,27.5150,27.5200,27.5250,27.5300,27.5350,27.5401,27.5451,27.5502,27.5553,27.5604,27.5656,27.5708,27.5761,27.5815,27.5871,27.5927,27.5986,27.6047,27.6110,27.6175,27.6242,27.6312,27.6384,27.6458,27.6533,27.6610,27.6686,27.6761,27.6834,27.6905,27.6972,27.7035,27.7093,27.7145,27.7193,27.7235,27.7272,27.7305,27.7334,27.7361,27.7386,27.7410,27.7433,27.7458,27.7484,27.7512,27.7542,27.7575,27.7610,27.7647,27.7687,27.7728,27.7772,27.7817,27.7863,27.7911,27.7959,27.8009,27.8060,27.8112,27.8165,27.8219,27.8274,27.8331,27.8390,27.8451,27.8515,27.8581,27.8651,27.8723,27.8800,27.8880,27.8965,27.9054,27.9146,27.9242,27.9342,27.9444,27.9548,27.9653,27.9758,27.9862,27.9964,28.0062,28.0155,28.0242,28.0322,28.0394,28.0457,28.0512,28.0557,28.0594,28.0622,28.0642,28.0655,28.0662,28.0664,28.0662,28.0658,28.0653,28.0648,28.0644,28.0642,28.0642,28.0646,28.0654,28.0665,28.0680,28.0700,28.0723,28.0751,28.0781,28.0815,28.0851,28.0890,28.0931,28.0974,28.1018,28.1064,28.1110,28.1157,28.1205,28.1254,28.1303,28.1352
27.5000,27.5050,27.5100,27.5150,27.5200,27.5250,27.5300,27.5351,27.5401,27.5452,27.5502,27.5554,27.5605,27.5658,27.5711,27.5765,27.5821,27.5878,27.5938,27.6000,27.6065,27.6132,27.6203,27.6278,27.6355,27.6436,27.6519,27.6604,27.6690,27.6776,27.6861,27.6943,27.7022,27.7096,27.7163,27.7224,27.7278,27.7324,27.7363,27.7396,27.7422,27.7443,27.7461,27.7476,27.7490,27.7504,27.7519,27.7536,27.7555,27.7578,27.7604,27.7633,27.7665,27.7701,27.7739,27.7780,27.7823,27.7868,27.7914,27.7963,27.8012,27.8063,27.8115,27.8169,27.8224,27.8281,27.8339,27.8400,27.8464,27.8531,27.8602,27.8676,27.8755,27.8838,27.8926,27.9019,27.9118,27.9221,27.9329,27.9441,27.9556,27.9674,27.9793,27.9912,28.0030,28.0144,28.0254,28.0358,28.0455,28.0542,28.0620,28.0687,28.0743,28.0787,28.0820,28.0842,28.0855,28.0858,28.0854,28.0844,28.0830,28.0812,28.0793,28.0774,28.0756,28.0741,28.0729,28.0721,28.0718,28.0719,28.0726,28.0738,28.0755,28.0776,28.0802,28.0831,28.0864,28.0900,28.0939,28.0980,28.1023,28.1067,28.1113,28.1159,28.1207,28.1255,28.1304,28.1352
27.5000,27.5050,27.5100,27.5150,27.5200,27.5250,27.5301,27.5351,27.5401,27.5452,27.5503,27.5555,27.5607,27.5661,27.5715,27.5771,27.5829,27.5889,27.5952,27.6019,27.6089,27.6163,27.6242,27.6325,27.6413,27.6505,27.6600,27.6698,27.6797,27.6897,27.6994,27.7089,27.7178,27.7261,27.7335,27.7400,27.7455,27.7500,27.7535,27.7561,27.7578,27.7589,27.7594,27.7597,27.7597,27.7598,27.7600,27.7605,27.7613,27.7625,27.7642,27.7663,27.7689,27.7719,27.7753,27.7791,27.7831,27.7874,27.7919,27.7967,27.8016,27.8067,27.8119,27.8173,27.8230,27.8288,27.8349,27.8413,27.8480,27.8551,27.8627,27.8707,27.8792,27.8884,27.8981,27.9085,27.9195,27.9312,27.9434,27.9561,27.9692,27.9827,27.9962,28.0098,28.0233,28.0363,28.0488,28.0605,28.0713,28.0809,28.0894,28.0965,28.1022,28.1065,28.1094,28.1109,28.1113,28.1105,28.1088,28.1063,28.1033,28.0998,28.0962,28.0927,28.0892,28.0861,28.0834,28.0812,28.0795,28.0785,28.0781,28.0784,28.0792,28.0807,28.0826,28.0851,28.0880,28.0912,28.0948,28.0987,28.1028,28.1071,28.1116,28.1162,28.1208,28.1256,28.1304,28.1353
27.5000,27.5050,27.5100,27.5150,27.5200,27.5250,27.5301,27.5351,27.5402,27.5453,27.5505,27.5557,27.5610,27.5664,27.5720,27.5778,27.5839,27.5903,27.5971,27.6043,27.6120,27.6203,27.6292,27.6387,27.6489,27.6595,27.6707,27.6822,27.6939,27.7056,27.7171,27.7281,27.7384,27.7478,27.7561,27.7632,27.7689,27.7732,27.7761,27.7778,27.7784,27.7781,27.7771,27.7756,27.7739,27.7722,27.7707,27.7695,27.7689,27.7688,27.7692,27.7704,27.7721,27.7744,27.7772,27.7805,27.7842,27.7882,27.7926,27.7972,27.8020,27.8071,27.8124,27.8179,27.8237,27.8297,27.8361,27.8428,27.8499,27.8575,27.8656,27.8744,27.8838,27.8939,27.9048,27.9164,27.9289,27.9421,27.9560,27.9705,27.9855,28.0010,28.0166,28.0322,28.0476,28.0626,28.0768,28.0901,28.1022,28.1130,28.1223,28.1299,28.1357,28.1399,28.1423,28.1430,28.1422,28.1401,28.1368,28.1326,28.1276,28.1222,28.1166,28.1110,28.1055,28.1005,28.0960,28.0921,28.0889,28.0864,28.0848,28.0839,28.0838,28.0844,28.0856,28.0875,28.0899,28.0927,28.0960,28.0996,28.1035,28.1076,28.1120,28.1164,28.1211,28.1258,28.1305,28.1354
27.5000,27.5050,27.5100,27.5150,27.5200,27.5251,27.5301,27.5352,27.5403,27.5454,27.5506,27.5559,27.5613,27.5669,27.5727,27.5788,27.5852,27.5921,27.5995,27.6075,27.6162,27.6256,27.6358,27.6469,27.6588,27.6714,27.6846,27.6984,27.7124,27.7264,27.7401,27.7532,27.7653,27.7763,27.7857,27.7934,27.7994,27.8034,27.8057,27.8063,27.8053,27.8032,27.8001,27.7964,27.7924,27.7884,27.7847,27.7814,27.7788,27.7769,27.7758,27.7756,27.7762,27.7776,27.7797,27.7823,27.7856,27.7893,27.7934,27.7978,27.8026,27.8077,27.8130,27.8186,27.8245,27.8308,27.8374,27.8445,27.8521,27.8603,27.8692,27.8788,27.8892,27.9005,27.9127,27.9259,27.9400,27.9550,27.9710,27.9877,28.0050,28.0228,28.0408,28.0589,28.0766,28.0938,28.1102,28.1254,28.1391,28.1512,28.1614,28.1696,28.1757,28.1796,28.1814,28.1812,28.1791,28.1754,28.1702,28.1638,28.1566,28.1489,28.1408,28.1328,28.1250,28.1177,28.1110,28.1050,28.1000,28.0959,28.0927,28.0905,28.0892,28.0888,28.0892,28.0903,28.0921,28.0945,28.0973,28.1006,28.1043,28.1082,28.1124,28.1168,28.1213,28.1259,28.1307,28.1355
27.5000,27.5050,27.5100,27.5150,27.5201,27.5251,27.5301,27.5352,27.5403,27.5455,27.5508,27.5562,27.5618,27.5675,27.5736,27.5801,27.5870,27.5945,27.6026,27.6116,27.6215,27.6324,27.6443,27.6574,27.6715,27.6867,27.7027,27.7193,27.7363,27.7532,27.7698,27.7856,27.8001,27.8130,27.8238,27.8325,27.8387,27.8425,27.8438,27.8430,27.8401,27.8356,27.8298,27.8232,27.8163,27.8093,27.8027,27.7967,27.7915,27.7874,27.7844,27.7824,27.7816,27.7817,27.7828,27.7847,27.7874,27.7906,27.7944,27.7987,27.8033,27.8084,27.8137,27.8195,27.8256,27.8321,27.8391,27.8466,27.8548,27.8637,27.8734,27.8840,27.8956,27.9082,27.9220,27.9370,27.9531,27.9704,27.9887,28.0079,28.0280,28.0486,28.0695,28.0904,28.1109,28.1308,28.1496,28.1670,28.1827,28.1963,28.2077,28.2166,28.2229,28.2266,28.2277,28.2263,28.2227,28.2170,28.2096,28.2008,28.1909,28.1804,28.1695,28.1586,28.1480,28.1379,28.1287,28.1204,28.1131,28.1070,28.1020,28.0982,28.0956,28.0940,28.0934,28.0937,28.0948,28.0966,28.0990,28.1019,28.1052,28.1089,28.1129,28.1172,28.1216,28.1261,28.1308,28.1356
27.5000,27.5050,27.5100,27.5150,27.5201,27.5251,27.5302,27.5353,27.5405,27.5457,27.5511,27.5566,27.5623,27.5684,27.5748,27.5817,27.5892,27.5975,27.6066,27.6169,27.6283,27.6410,27.6552,27.6708,27.6878,27.7062,27.7257,27.7460,27.7667,27.7875,27.8077,27.8269,27.8444,27.8598,27.8725,27.8823,27.8890,27.8923,27.8925,27.8898,27.8844,27.8769,27.8677,27.8575,27.8468,27.8360,27.8257,27.8162,27.8079,27.8008,27.7952,27.7911,27.7884,27.7870,27.7869,27.7878,27.7897,27.7924,27.7957,27.7997,27.8042,27.8092,27.8146,27.8205,27.8268,27.8336,27.8410,27.8491,27.8579,27.8676,27.8783,27.8901,27.9031,27.9173,27.9330,27.9500,27.9685,27.9883,28.0094,28.0317,28.0549,28.0788,28.1030,28.1273,28.1511,28.1741,28.1958,28.2158,28.2338,28.2492,28.2619,28.2717,28.2782,28.2817,28.2819,28.2792,28.2738,28.2658,28.2558,28.2441,28.2311,28.2173,28.2030,28.1888,28.1749,28.1617,28.1494,28.1383,28.1285,28.1200,28.1130,28.1073,28.1031,28.1001,28.0983,28.0976,28.0979,28.0990,28.1008,28.1033,28.1063,28.1097,28.1135,28.1176,28.1219,28.1264,28.1310,28.1357
27.5000,27.5050,27.5100,27.5151,27.5201,27.5251,27.5302,27.5354,27.5406,27.5459,27.5514,27.5571,27.5630,27.5694,27.5762,27.5837,27.5920,27.6012,27.6117,27.6235,27.6369,27.6520,27.6689,27.6877,27.7084,27.7308,27.7547,27.7797,27.8052,27.8307,27.8556,27.8791,27.9004,27.9189,27.9340,27.9453,27.9524,27.9553,27.9540,27.9489,27.9404,27.9291,27.9156,27.9007,27.8852,27.8697,27.8547,27.8409,27.8285,27.8178,27.8090,27.8020,27.7970,27.7937,27.7920,27.7916,27.7926,27.7945,27.7974,27.8010,27.8053,27.8102,27.8156,27.8216,27.8282,27.8354,27.8433,27.8520,27.8616,27.8722,27.8840,27.8972,27.9118,27.9279,27.9457,27.9652,27.9864,28.0092,28.0336,28.0593,28.0862,28.1139,28.1420,28.1701,28.1978,28.2244,28.2495,28.2726,28.2931,28.3107,28.3250,28.3356,28.3425,28.3456,28.3450,28.3407,28.3331,28.3226,28.3095,28.2944,28.2778,28.2601,28.2420,28.2239,28.2062,28.1893,28.1736,28.1592,28.1464,28.1352,28.1257,28.1179,28.1118,28.1072,28.1040,28.1022,28.1015,28.1018,28.1030,28.1050,28.1076,28.1107,28.1142,28.1181,28.1223,28.1267,28.1312,28.1358
27.5000,27.5050,27.5100,27.5151,27.5201,27.5252,27.5303,27.5355,27.5408,27.5462,27.5518,27.5577,27.5639,27.5706,27.5780,27.5862,27.5954,27.6059,27.6180,27.6318,27.6476,27.6656,27.6860,27.7089,27.7341,27.7616,27.7909,27.8217,27.8532,27.8847,27.9153,27.9441,27.9702,27.9926,28.0107,28.0238,28.0315,28.0338,28.0307,28.0226,28.0102,27.9941,27.9753,27.9547,27.9332,27.9117,27.8909,27.8716,27.8541,27.8389,27.8261,27.8157,27.8077,27.8020,27.7983,27.7964,27.7961,27.7972,27.7994,27.8026,27.8066,27.8114,27.8169,27.8230,27.8298,27.8374,27.8459,27.8553,27.8658,27.8775,27.8906,27.9054,27.9218,27.9401,27.9604,27.9827,28.0070,28.0333,28.0614,28.0912,28.1223,28.1544,28.1870,28.2196,28.2516,28.2824,28.3114,28.3380,28.3615,28.3816,28.3976,28.4094,28.4166,28.4194,28.4176,28.4116,28.4015,28.3880,28.3714,28.3524,28.3316,28.3096,28.2870,28.2644,28.2423,28.2212,28.2014,28.1833,28.1670,28.1527,28.1404,28.1301,28.1218,28.1153,28.1106,28.1074,28.1056,28.1051,28.1055,28.1069,28.1091,28.1118,28.1151,28.1187,28.1227,28.1270,28.1314,28.1360
27.5000,27.5050,27.5101,27.5151,27.5202,27.5252,27.5304,27.5356,27.5410,27.5465,27.5523,27.5584,27.5650,27.5722,27.5802,27.5893,27.5997,27.6118,27.6257,27.6420,27.6608,27.6824,27.7071,27.7349,27.7658,27.7995,27.8356,27.8735,27.9124,27.9512,27.9890,28.0244,28.0563,28.0836,28.1053,28.1206,28.1291,28.1306,28.1253,28.1136,28.0963,28.0744,28.0490,28.0212,27.9924,27.9635,27.9356,27.9095,27.8858,27.8650,27.8472,27.8326,27.8210,27.8122,27.8061,27.8023,27.8006,27.8005,27.8019,27.8045,27.8082,27.8128,27.8183,27.8246,27.8317,27.8398,27.8488,27.8590,27.8705,27.8835,27.8982,27.9147,27.9333,27.9540,27.9771,28.0026,28.0305,28.0607,28.0932,28.1275,28.1635,28.2006,28.2383,28.2761,28.3131,28.3487,28.3822,28.4127,28.4397,28.4625,28.4806,28.4936,28.5013,28.5036,28.5006,28.4925,28.4797,28.4627,28.4422,28.4187,28.3931,28.3661,28.3383,28.3106,28.2835,28.2575,28.2332,28.2107,28.1905,28.1726,28.1571,28.1440,28.1333,28.1247,28.1181,28.1134,28.1104,28.1088,28.1084,28.1091,28.1107,28.1131,28.1160,28.1194,28.1232,28.1273,28.1317,28.1362
27.5000,27.5050,27.5101,27.5151,27.5202,27.5253,27.5305,27.5358,27.5412,27.5469,27.5529,27.5593,27.5663,27.5741,27.5829,27.5931,27.6050,27.6188,27.6352,27.6544,27.6769,27.7029,27.7328,27.7667,27.8044,27.8457,27.8901,27.9367,27.9845,28.0324,28.0788,28.1223,28.1613,28.1945,28.2206,28.2386,28.2480,28.2486,28.2406,28.2245,28.2013,28.1723,28.1388,28.1024,28.0645,28.0267,27.9901,27.9557,27.9245,27.8968,27.8729,27.8531,27.8371,27.8247,27.8157,27.8095,27.8059,27.8045,27.8049,27.8069,27.8101,27.8145,27.8200,27.8264,27.8339,27.8424,27.8522,27.8633,27.8760,27.8904,27.9067,27.9253,27.9463,27.9698,27.9961,28.0252,28.0572,28.0919,28.1292,28.1688,28.2102,28.2530,28.2965,28.3401,28.3828,28.4238,28.4623,28.4974,28.5283,28.5543,28.5747,28.5891,28.5973,28.5991,28.5947,28.5843,28.5683,28.5474,28.5223,28.4938,28.4628,28.4301,28.3965,28.3630,28.3302,28.2988,28.2692,28.2419,28.2172,28.1952,28.1761,28.1598,28.1462,28.1353,28.1267,28.1203,28.1158,28.1130,28.1117,28.1116,28.1126,28.1145,28.1171,28.1202,28.1238,28.1278,28.1320,28.1364
27.5000,27.5050,27.5101,27.5151,27.5202,27.5254,27.5306,27.5360,27.5416,27.5474,27.5536,27.5604,27.5679,27.5764,27.5862,27.5977,27.6113,27.6274,27.6466,27.6694,27.6963,27.7277,27.7638,27.8050,27.8509,27.9014,27.9557,28.0128,28.0715,28.1301,28.1870,28.2402,28.2878,28.3281,28.3595,28.3808,28.3914,28.3908,28.3795,28.3581,28.3278,28.2902,28.2470,28.2001,28.1515,28.1028,28.0557,28.0114,27.9710,27.9350,27.9040,27.8778,27.8565,27.8398,27.8271,27.8182,27.8124,27.8093,27.8085,27.8096,27.8124,27.8165,27.8219,27.8285,27.8363,27.8455,27.8560,27.8681,27.8821,27.8980,27.9163,27.9372,27.9609,27.9876,28.0175,28.0507,28.0872,28.1269,28.1696,28.2151,28.2627,28.3119,28.3619,28.4120,28.4610,28.5082,28.5523,28.5925,28.6278,28.6573,28.6803,28.6964,28.7051,28.7064,28.7003,28.6873,28.6678,28.6425,28.6123,28.5782,28.5410,28.5020,28.4619,28.4219,28.3827,28.3451,28.3096,28.2769,28.2472,28.2207,28.1975,28.1775,28.1608,28.1471,28.1363,28.1279,28.1218,28.1177,28.1154,28.1145,28.1148,28.1161,28.1183,28.1211,28.1245,28.1282,28.1323,28.1366
27.5000,27.5051,27.5101,27.5152,27.5203,27.5255,27.5308,27.5362,27.5419,27.5480,27.5545,27.5617,27.5698,27.5791,27.5901,27.6031,27.6188,27.6376,27.6602,27.6872,27.7194,27.7571,27.8007,27.8505,27.9063,27.9677,28.0338,28.1034,28.1750,28.2465,28.3158,28.3805,28.4384,28.4871,28.5249,28.5501,28.5620,28.5601,28.5449,28.5171,28.4784,28.4305,28.3758,28.3165,28.2550,28.1934,28.1338,28.0777,28.0264,27.9806,27.9409,27.9073,27.8797,27.8577,27.8408,27.8285,27.8201,27.8150,27.8128,27.8129,27.8150,27.8188,27.8241,27.8309,27.8391,27.8488,27.8602,27.8735,27.8889,27.9066,27.9270,27.9504,27.9771,28.0073,28.0412,28.0789,28.1205,28.1658,28.2147,28.2666,28.3211,28.3774,28.4347,28.4920,28.5482,28.6021,28.6526,28.6984,28.7386,28.7720,28.7979,28.8157,28.8251,28.8257,28.8179,28.8020,28.7786,28.7484,28.7126,28.6721,28.6282,28.5820,28.5347,28.4874,28.4411,28.3966,28.3547,28.3158,28.2805,28.2489,28.2212,28.1973,28.1771,28.1604,28.1469,28.1364,28.1286,28.1230,28.1195,28.1176,28.1172,28.1179,28.1196,28.1221,28.1252,28.1287,28.1327,28.1369
27.5000,27.5051,27.5101,27.5152,27.5204,27.5256,27.5310,27.5365,27.5424,27.5486,27.5555,27.5632,27.5720,27.5824,27.5947,27.6095,27.6276,27.6495,27.6761,27.7082,27.7465,27.7917,27.8441,27.9041,27.9715,28.0457,28.1257,28.2100,28.2967,28.3833,28.4673,28.5456,28.6155,28.6742,28.7194,28.7493,28.7627,28.7593,28.7394,28.7042,28.6555,28.5956,28.5273,28.4533,28.3767,28.3000,28.2257,28.1557,28.0916,28.0342,27.9843,27.9419,27.9069,27.8787,27.8569,27.8406,27.8291,27.8217,27.8178,27.8167,27.8180,27.8214,27.8266,27.8335,27.8422,27.8526,27.8649,27.8794,27.8964,27.9160,27.9388,27.9650,27.9950,28.0291,28.0674,28.1101,28.1573,28.2088,28.2643,28.3234,28.3855,28.4497,28.5150,28.5802,28.6443,28.7057,28.7631,28.8152,28.8607,28.8985,28.9277,28.9474,28.9574,28.9574,28.9477,28.9285,28.9007,28.8652,28.8231,28.7757,28.7243,28.6702,28.6150,28.5597,28.5055,28.4534,28.4043,28.3588,28.3173,28.2801,28.2474,28.2190,28.1950,28.1750,28.1587,28.1458,28.1360,28.1288,28.1240,28.1211,28.1198,28.1199,28.1211,28.1232,28.1260,28.1293,28.1331,28.1372
27.5001,27.5051,27.5102,27.5153,27.5204,27.5257,27.5312,27.5368,27.5429,27.5494,27.5567,27.5650,27.5746,27.5861,27.6000,27.6170,27.6378,27.6634,27.6947,27.7326,27.7781,27.8319,27.8946,27.9664,28.0472,28.1363,28.2324,28.3338,28.4381,28.5423,28.6432,28.7373,28.8212,28.8915,28.9453,28.9806,28.9958,28.9906,28.9653,28.9215,28.8612,28.7873,28.7032,28.6123,28.5181,28.4238,28.3324,28.2463,28.1672,28.0965,28.0347,27.9821,27.9385,27.9032,27.8755,27.8546,27.8396,27.8295,27.8235,27.8210,27.8214,27.8243,27.8294,27.8365,27.8455,27.8567,27.8700,27.8859,27.9045,27.9264,27.9517,27.9810,28.0146,28.0529,28.0960,28.1442,28.1975,28.2558,28.3186,28.3856,28.4559,28.5286,28.6027,28.6767,28.7493,28.8189,28.8839,28.9429,28.9942,29.0368,29.0694,29.0914,29.1020,29.1014,29.0894,29.0668,29.0342,28.9929,28.9439,28.8889,28.8293,28.7667,28.7027,28.6386,28.5759,28.5156,28.4586,28.4058,28.3575,28.3142,28.2760,28.2428,28.2146,28.1909,28.1716,28.1561,28.1441,28.1352,28.1289,28.1248,28.1227,28.1220,28.1227,28.1244,28.1268,28.1299,28.1335,28.1375
27.5001,27.5051,27.5102,27.5153,27.5205,27.5259,27.5314,27.5372,27.5435,27.5503,27.5581,27.5670,27.5776,27.5904,27.6061,27.6255,27.6496,27.6793,27.7160,27.7606,27.8143,27.8780,27.9524,28.0378,28.1340,28.2402,28.3548,28.4758,28.6003,28.7246,28.8451,28.9573,29.0572,29.1407,29.2045,29.2459,29.2632,29.2559,29.2245,29.1707,29.0972,29.0073,28.9051,28.7946,28.6803,28.5658,28.4549,28.3502,28.2541,28.1679,28.0926,28.0283,27.9747,27.9312,27.8969,27.8707,27.8516,27.8383,27.8301,27.8260,27.8253,27.8276,27.8325,27.8397,27.8492,27.8611,27.8756,27.8929,27.9134,27.9375,27.9657,27.9983,28.0358,28.0786,28.1270,28.1812,28.2411,28.3066,28.3774,28.4528,28.5321,28.6141,28.6976,28.7811,28.8630,28.9414,29.0147,29.0810,29.1388,29.1865,29.2229,29.2471,29.2586,29.2571,29.2429,29.2165,29.1788,29.1310,29.0747,29.0114,28.9430,28.8711,28.7976,28.7241,28.6521,28.5828,28.5174,28.4566,28.4011,28.3511,28.3070,28.2686,28.2357,28.2082,28.1855,28.1672,28.1529,28.1421,28.1342,28.1289,28.1258,28.1244,28.1244,28.1256,28.1278,28.1306,28.1340,28.1378
27.5001,27.5051,27.5102,27.5154,27.5206,27.5260,27.5317,27.5376,27.5441,27.5513,27.5596,27.5693,27.5810,27.5952,27.6130,27.6352,27.6629,27.6974,27.7400,27.7922,27.8552,27.9302,28.0179,28.1187,28.2323,28.3578,28.4935,28.6366,28.7839,28.9311,29.0736,29.2064,29.3244,29.4229,29.4979,29.5463,29.5660,29.5563,29.5179,29.4529,29.3644,29.2564,29.1336,29.0011,28.8639,28.7267,28.5935,28.4679,28.3524,28.2488,28.1581,28.0805,28.0157,27.9630,27.9211,27.8889,27.8651,27.8484,27.8375,27.8316,27.8297,27.8313,27.8359,27.8432,27.8532,27.8659,27.8816,27.9005,27.9229,27.9495,27.9806,28.0168,28.0585,28.1062,28.1602,28.2207,28.2877,28.3611,28.4404,28.5249,28.6138,28.7058,28.7994,28.8931,28.9848,29.0728,29.1549,29.2291,29.2937,29.3469,29.3874,29.4141,29.4264,29.4241,29.4074,29.3769,29.3337,29.2791,29.2149,29.1428,29.0648,28.9831,28.8994,28.8158,28.7338,28.6549,28.5804,28.5111,28.4477,28.3907,28.3402,28.2962,28.2585,28.2267,28.2004,28.1791,28.1623,28.1494,28.1399,28.1333,28.1291,28.1269,28.1263,28.1270,28.1288,28.1313,28.1345,28.1382
27.5001,27.5052,27.5103,27.5154,27.5207,27.5262,27.5320,27.5381,27.5449,27.5525,27.5613,27.5719,27.5847,27.6007,27.6207,27.6459,27.6777,27.7175,27.7670,27.8276,27.9010,27.9885,28.0910,28.2090,28.3421,28.4893,28.6484,28.8163,28.9891,29.1618,29.3290,29.4847,29.6229,29.7383,29.8259,29.8820,29.9043,29.8920,29.8459,29.7683,29.6629,29.5347,29.3890,29.2318,29.0691,28.9063,28.7484,28.5993,28.4622,28.3392,28.2313,28.1389,28.0616,27.9984,27.9482,27.9093,27.8803,27.8595,27.8458,27.8378,27.8345,27.8353,27.8396,27.8470,27.8575,27.8711,27.8880,27.9085,27.9331,27.9622,27.9965,28.0365,28.0826,28.1355,28.1955,28.2627,28.3372,28.4189,28.5072,28.6014,28.7004,28.8030,28.9074,29.0118,29.1141,29.2121,29.3036,29.3862,29.4580,29.5171,29.5619,29.5912,29.6044,29.6012,29.5819,29.5471,29.4980,29.4362,29.3636,29.2821,29.1941,29.1018,29.0074,28.9130,28.8204,28.7314,28.6472,28.5689,28.4972,28.4327,28.3754,28.3255,28.2826,28.2463,28.2162,28.1918,28.1723,28.1573,28.1460,28.1380,28.1326,28.1295,28.1283,28.1285,28.1298,28.1321,28.1351,28.1386
27.5001,27.5052,27.5103,27.5155,27.5209,27.5264,27.5323,27.5386,27.5457,27.5537,27.5632,27.5747,27.5889,27.6067,27.6292,27.6578,27.6941,27.7398,27.7966,27.8666,27.9515,28.0528,28.1717,28.3086,28.4632,28.6342,28.8191,29.0144,29.2153,29.4161,29.6105,29.7914,29.9520,30.0859,30.1873,30.2520,30.2772,30.2620,30.2073,30.1159,29.9920,29.8414,29.6705,29.4862,29.2953,29.1044,28.9191,28.7442,28.5833,28.4388,28.3120,28.2032,28.1121,28.0375,27.9780,27.9317,27.8969,27.8718,27.8549,27.8446,27.8398,27.8397,27.8436,27.8511,27.8620,27.8765,27.8946,27.9169,27.9437,27.9756,28.0132,28.0571,28.1079,28.1663,28.2325,28.3067,28.3892,28.4796,28.5773,28.6817,28.7914,28.9050,29.0208,29.1365,29.2498,29.3584,29.4597,29.5511,29.6305,29.6958,29.7451,29.7772,29.7913,29.7872,29.7651,29.7258,29.6705,29.6011,29.5197,29.4284,29.3298,29.2265,29.1208,29.0150,28.9114,28.8117,28.7173,28.6295,28.5492,28.4767,28.4124,28.3562,28.3078,28.2669,28.2328,28.2050,28.1828,28.1655,28.1524,28.1428,28.1363,28.1323,28.1303,28.1300,28.1309,28.1329,28.1357,28.1390
27.5001,27.5052,27.5104,27.5156,27.5210,27.5266,27.5327,27.5392,27.5466,27.5551,27.5653,27.5777,27.5934,27.6132,27.6384,27.6708,27.7119,27.7639,27.8289,27.9090,28.0063,28.1227,28.2593,28.4168,28.5948,28.7916,29.0046,29.2296,29.4611,29.6925,29.9164,30.1248,30.3097,30.4636,30.5801,30.6541,30.6825,30.6641,30.6001,30.4936,30.3497,30.1748,29.9764,29.7625,29.5411,29.3196,29.1047,28.9017,28.7149,28.5470,28.3996,28.2731,28.1670,28.0800,28.0104,27.9561,27.9150,27.8852,27.8647,27.8519,27.8455,27.8443,27.8478,27.8553,27.8668,27.8821,27.9016,27.9256,27.9547,27.9894,28.0305,28.0785,28.1342,28.1982,28.2709,28.3525,28.4431,28.5425,28.6501,28.7650,28.8858,29.0110,29.1384,29.2659,29.3907,29.5102,29.6217,29.7224,29.8096,29.8812,29.9352,29.9702,29.9853,29.9802,29.9552,29.9112,29.8496,29.7724,29.6817,29.5802,29.4707,29.3559,29.2384,29.1210,29.0058,28.8950,28.7901,28.6925,28.6031,28.5225,28.4508,28.3881,28.3341,28.2883,28.2501,28.2188,28.1937,28.1740,28.1590,28.1479,28.1402,28.1352,28.1325,28.1316,28.1321,28.1337,28.1363,28.1394
27.5001,27.5052,27.5104,27.5157,27.5212,27.5269,27.5330,27.5398,27.5475,27.5566,27.5675,27.5810,27.5982,27.6201,27.6483,27.6846,27.7310,27.7898,27.8634,27.9544,28.0651,28.1975,28.3532,28.5327,28.7357,28.9603,29.2033,29.4601,29.7243,29.9885,30.2440,30.4818,30.6927,30.8681,31.0007,31.0847,31.1165,31.0947,31.0207,30.8981,30.7327,30.5318,30.3040,30.0585,29.8043,29.5501,29.3034,29.0704,28.8558,28.6629,28.4935,28.3480,28.2258,28.1255,28.0450,27.9821,27.9344,27.8995,27.8752,27.8597,27.8515,27.8492,27.8522,27.8597,27.8717,27.8879,27.9088,27.9346,27.9660,28.0036,28.0482,28.1005,28.1612,28.2309,28.3102,28.3994,28.4985,28.6072,28.7248,28.8505,28.9827,29.1197,29.2592,29.3986,29.5352,29.6661,29.7880,29.8980,29.9934,30.0715,30.1304,30.1683,30.1844,30.1783,30.1504,30.1015,30.0334,29.9480,29.8480,29.7361,29.6152,29.4886,29.3592,29.2297,29.1027,28.9805,28.8648,28.7572,28.6585,28.5694,28.4902,28.4209,28.3610,28.3102,28.2678,28.2329,28.2049,28.1827,28.1657,28.1531,28.1441,28.1382,28.1347,28.1332,28.1333,28.1346,28.1369,28.1399
27.5002,27.5053,27.5105,27.5158,27.5213,27.5271,27.5334,27.5405,27.5485,27.5581,27.5698,27.5845,27.6033,27.6275,27.6588,27.6992,27.7511,27.8170,27.8998,28.0022,28.1270,28.2764,28.4521,28.6549,28.8842,29.1381,29.4128,29.7031,30.0018,30.3005,30.5894,30.8581,31.0965,31.2946,31.4442,31.5387,31.5740,31.5487,31.4642,31.3246,31.1365,30.9081,30.6494,30.3705,30.0819,29.7931,29.5129,29.2481,29.0044,28.7851,28.5925,28.4270,28.2878,28.1734,28.0816,28.0096,27.9548,27.9145,27.8863,27.8679,27.8578,27.8544,27.8568,27.8643,27.8767,27.8938,27.9160,27.9437,27.9775,28.0181,28.0662,28.1228,28.1885,28.2641,28.3502,28.4470,28.5546,28.6727,28.8006,28.9372,29.0809,29.2298,29.3815,29.5332,29.6817,29.8239,29.9565,30.0760,30.1796,30.2644,30.3281,30.3690,30.3861,30.3790,30.3481,30.2944,30.2196,30.1260,30.0165,29.8939,29.7617,29.6232,29.4815,29.3398,29.2009,29.0672,28.9406,28.8226,28.7146,28.6169,28.5301,28.4540,28.3883,28.3325,28.2857,28.2473,28.2162,28.1916,28.1726,28.1584,28.1481,28.1412,28.1370,28.1349,28.1345,28.1355,28.1375,28.1403
27.5002,27.5053,27.5105,27.5159,27.5215,27.5274,27.5339,27.5411,27.5496,27.5597,27.5722,27.5881,27.6085,27.6351,27.6696,27.7143,27.7719,27.8453,27.9376,28.0519,28.1912,28.3582,28.5548,28.7816,29.0383,29.3225,29.6301,29.9551,30.2897,30.6241,30.9476,31.2485,31.5153,31.7370,31.9042,32.0096,32.0486,32.0196,31.9242,31.7670,31.5553,31.2985,31.0076,30.6941,30.3697,30.0452,29.7302,29.4326,29.1584,28.9119,28.6952,28.5088,28.3521,28.2232,28.1195,28.0381,27.9760,27.9301,27.8977,27.8764,27.8642,27.8596,27.8614,27.8689,27.8817,27.8998,27.9233,27.9529,27.9890,28.0325,28.0842,28.1450,28.2158,28.2973,28.3901,28.4945,28.6106,28.7381,28.8763,29.0238,29.1791,29.3400,29.5039,29.6677,29.8282,29.9818,30.1249,30.2540,30.3658,30.4572,30.5258,30.5697,30.5878,30.5797,30.5458,30.4872,30.4058,30.3040,30.1849,30.0518,29.9082,29.7577,29.6039,29.4500,29.2991,29.1538,29.0163,28.8881,28.7706,28.6645,28.5700,28.4872,28.4156,28.3547,28.3037,28.2616,28.2275,28.2005,28.1795,28.1636,28.1521,28.1442,28.1392,28.1365,28.1357,28.1363,28.1381,28.1407
27.5002,27.5053,27.5106,27.5160,27.5216,27.5277,27.5343,27.5418,27.5506,27.5613,27.5747,27.5918,27.6139,27.6428,27.6806,27.7298,27.7932,27.8741,27.9760,28.1024,28.2567,28.4416,28.6594,28.9108,29.1953,29.5104,29.8515,30.2120,30.5830,30.9539,31.3127,31.6463,31.9421,32.1878,32.3730,32.4895,32.5322,32.4995,32.3930,32.2178,31.9821,31.6964,31.3727,31.0240,30.6631,30.3021,29.9516,29.6205,29.3155,29.0411,28.7998,28.5923,28.4176,28.2739,28.1581,28.0671,27.9975,27.9459,27.9093,27.8850,27.8708,27.8649,27.8661,27.8735,27.8867,27.9056,27.9305,27.9619,28.0003,28.0467,28.1019,28.1670,28.2427,28.3300,28.4294,28.5414,28.6659,28.8027,28.9509,29.1092,29.2759,29.4485,29.6244,29.8003,29.9725,30.1374,30.2910,30.4295,30.5493,30.6472,30.7206,30.7675,30.7866,30.7775,30.7406,30.6772,30.5893,30.4795,30.3510,30.2074,30.0525,29.8903,29.7244,29.5585,29.3959,29.2392,29.0909,28.9527,28.8259,28.7114,28.6094,28.5199,28.4425,28.3766,28.3213,28.2757,28.2387,28.2092,28.1862,28.1688,28.1561,28.1472,28.1414,28.1381,28.1369,28.1372,28.1387,28.1412
27.5002,27.5054,27.5106,27.5161,27.5218,27.5279,27.5347,27.5425,27.5517,27.5629,27.5771,27.5954,27.6193,27.6506,27.6916,27.7452,27.8144,27.9029,28.0145,28.1530,28.3221,28.5250,28.7640,29.0399,29.3523,29.6983,30.0729,30.4688,30.8763,31.2837,31.6777,32.0441,32.3688,32.6385,32.8416,32.9693,33.0158,32.9793,32.8617,32.6685,32.4088,32.0941,31.7377,31.3537,30.9564,30.5589,30.1730,29.8084,29.4725,29.1702,28.9044,28.6757,28.4831,28.3245,28.1967,28.0962,28.0191,27.9618,27.9210,27.8936,27.8773,27.8701,27.8707,27.8780,27.8916,27.9113,27.9375,27.9706,28.0113,28.0605,28.1191,28.1883,28.2688,28.3617,28.4676,28.5868,28.7195,28.8653,29.0232,29.1920,29.3697,29.5538,29.7413,29.9288,30.1125,30.2883,30.4520,30.5996,30.7272,30.8315,30.9096,30.9593,30.9794,30.9693,30.9296,30.8615,30.7672,30.6496,30.5120,30.3583,30.1925,30.0188,29.8413,29.6638,29.4897,29.3220,29.1632,29.0152,28.8795,28.7568,28.6475,28.5516,28.4686,28.3979,28.3385,28.2894,28.2495,28.2177,28.1928,28.1739,28.1599,28.1501,28.1435,28.1397,28.1380,28.1380,28.1393,28.1416
27.5002,27.5054,27.5107,27.5162,27.5219,27.5282,27.5351,27.5431,27.5527,27.5645,27.5795,27.5990,27.6245,27.6582,27.7024,27.7603,27.8352,27.9312,28.0522,28.2025,28.3862,28.6066,28.8663,29.1664,29.5060,29.8822,30.2896,30.7202,31.1635,31.6065,32.0350,32.4335,32.7866,33.0798,33.3005,33.4390,33.4892,33.4490,33.3205,33.1098,32.8266,32.4835,32.0950,31.6765,31.2435,30.8103,30.3897,29.9923,29.6262,29.2967,29.0068,28.7573,28.5473,28.3741,28.2345,28.1246,28.0402,27.9773,27.9323,27.9020,27.8837,27.8752,27.8751,27.8823,27.8963,27.9168,27.9442,27.9789,28.0217,28.0736,28.1355,28.2085,28.2937,28.3919,28.5039,28.6301,28.7706,28.9249,29.0921,29.2709,29.4590,29.6540,29.8527,30.0513,30.2458,30.4320,30.6053,30.7616,30.8967,31.0070,31.0895,31.1420,31.1629,31.1520,31.1095,31.0370,30.9367,30.8116,30.6653,30.5020,30.3258,30.1413,29.9527,29.7640,29.5790,29.4009,29.2321,29.0748,28.9305,28.8001,28.6839,28.5818,28.4935,28.4181,28.3548,28.3024,28.2598,28.2257,28.1991,28.1787,28.1636,28.1528,28.1456,28.1412,28.1391,28.1388,28.1399,28.1420
27.5003,27.5054,27.5107,27.5163,27.5221,27.5284,27.5355,27.5438,27.5537,27.5660,27.5818,27.6024,27.6296,27.6654,27.7127,27.7747,27.8551,27.9581,28.0882,28.2498,28.4474,28.6846,28.9642,29.2872,29.6529,30.0580,30.4968,30.9605,31.4379,31.9151,32.3765,32.8057,33.1859,33.5015,33.7390,33.8879,33.9416,33.8979,33.7590,33.5315,33.2259,32.8557,32.4365,31.9851,31.5179,31.0506,30.5969,30.1681,29.7731,29.4175,29.1047,28.8354,28.6086,28.4215,28.2706,28.1517,28.0603,27.9921,27.9432,27.9100,27.8897,27.8801,27.8793,27.8864,27.9006,27.9219,27.9504,27.9867,28.0315,28.0858,28.1508,28.2274,28.3169,28.4201,28.5378,28.6705,28.8182,28.9805,29.1564,29.3444,29.5424,29.7476,29.9566,30.1655,30.3702,30.5660,30.7484,30.9127,31.0548,31.1707,31.2574,31.3124,31.3342,31.3224,31.2774,31.2007,31.0948,30.9627,30.8084,30.6360,30.4502,30.2555,30.0566,29.8576,29.6624,29.4744,29.2964,29.1304,28.9782,28.8405,28.7177,28.6100,28.5166,28.4370,28.3700,28.3146,28.2694,28.2333,28.2049,28.1831,28.1669,28.1553,28.1475,28.1426,28.1402,28.1396,28.1404,28.1424
27.5003,27.5055,27.5108,27.5163,27.5222,27.5287,27.5359,27.5444,27.5546,27.5675,27.5840,27.6056,27.6342,27.6722,27.7223,27.7881,27.8736,27.9832,28.1216,28.2938,28.5043,28.7571,29.0551,29.3995,29.7894,30.2214,30.6893,31.1839,31.6929,32.2018,32.6940,33.1516,33.5570,33.8935,34.1466,34.3052,34.3622,34.3152,34.1666,33.9235,33.5970,33.2016,32.7540,32.2719,31.7730,31.2739,30.7894,30.3315,29.9096,29.5298,29.1956,28.9079,28.6655,28.4656,28.3042,28.1769,28.0790,28.0058,27.9532,27.9174,27.8953,27.8845,27.8832,27.8901,27.9047,27.9266,27.9561,27.9938,28.0404,28.0970,28.1647,28.2446,28.3380,28.4457,28.5687,28.7072,28.8615,29.0310,29.2149,29.4113,29.6182,29.8326,30.0510,30.2694,30.4833,30.6879,30.8785,31.0502,31.1986,31.3197,31.4101,31.4674,31.4900,31.4774,31.4301,31.3497,31.2386,31.1002,30.9385,30.7579,30.5633,30.3594,30.1510,29.9426,29.7382,29.5413,29.3548,29.1810,29.0215,28.8772,28.7486,28.6356,28.5377,28.4542,28.3839,28.3256,28.2782,28.2401,28.2102,28.1872,28.1700,28.1577,28.1492,28.1439,28.1411,28.1402,28.1409,28.1427
27.5003,27.5055,27.5108,27.5164,27.5224,27.5289,27.5362,27.5449,27.5554,27.5687,27.5859,27.6085,27.6384,27.6782,27.7309,27.8002,27.8902,28.0057,28.1517,28.3333,28.5555,28.8223,29.1368,29.5004,29.9120,30.3682,30.8623,31.3845,31.9221,32.4595,32.9791,33.4624,33.8904,34.2456,34.5128,34.6800,34.7400,34.6900,34.5328,34.2756,33.9304,33.5124,33.0392,32.5295,32.0021,31.4746,30.9624,30.4784,30.0323,29.6307,29.2774,28.9731,28.7167,28.5052,28.3344,28.1996,28.0958,28.0182,27.9623,27.9241,27.9003,27.8885,27.8866,27.8935,27.9082,27.9307,27.9611,28.0000,28.0482,28.1068,28.1770,28.2598,28.3566,28.4684,28.5959,28.7396,28.8997,29.0757,29.2664,29.4704,29.6851,29.9077,30.1344,30.3611,30.5831,30.7955,30.9933,31.1715,31.3255,31.4510,31.5448,31.6041,31.6274,31.6141,31.5648,31.4810,31.3655,31.2215,31.0533,30.8655,30.6631,30.4511,30.2344,30.0177,29.8051,29.6004,29.4064,29.2256,29.0597,28.9096,28.7758,28.6582,28.5563,28.4693,28.3961,28.3354,28.2859,28.2461,28.2149,28.1908,28.1728,28.1597,28.1507,28.1450,28.1419,28.1408,28.1413,28.1430
27.5003,27.5055,27.5109,27.5165,27.5225,27.5291,27.5365,27.5453,27.5562,27.5698,27.5876,27.6109,27.6420,27.6834,27.7383,27.8105,27.9045,28.0250,28.1775,28.3673,28.5994,28.8783,29.2071,29.5872,30.0175,30.4945,31.0111,31.5571,32.1192,32.6811,33.2244,33.7297,34.1772,34.5485,34.8277,35.0025,35.0649,35.0125,34.8477,34.5785,34.2172,33.7797,33.2845,32.7511,32.1992,31.6472,31.1112,30.6046,30.1378,29.7175,29.3477,29.0292,28.7607,28.5392,28.3603,28.2191,28.1103,28.0288,27.9700,27.9298,27.9047,27.8919,27.8896,27.8963,27.9112,27.9342,27.9654,28.0053,28.0549,28.1152,28.1873,28.2727,28.3724,28.4875,28.6189,28.7671,28.9321,29.1134,29.3101,29.5204,29.7418,29.9713,30.2050,30.4387,30.6676,30.8866,31.0905,31.2742,31.4329,31.5623,31.6589,31.7200,31.7438,31.7300,31.6789,31.5923,31.4729,31.3242,31.1505,30.9566,30.7476,30.5287,30.3050,30.0813,29.8618,29.6504,29.4501,29.2634,29.0920,28.9370,28.7988,28.6773,28.5721,28.4822,28.4065,28.3437,28.2924,28.2513,28.2188,28.1938,28.1751,28.1615,28.1520,28.1460,28.1426,28.1413,28.1417,28.1433
27.5003,27.5055,27.5109,27.5165,27.5226,27.5292,27.5368,27.5457,27.5567,27.5707,27.5889,27.6129,27.6450,27.6877,27.7443,27.8189,27.9160,28.0407,28.1985,28.3948,28.6350,28.9237,29.2640,29.6574,30.1029,30.5967,31.1315,31.6968,32.2787,32.8605,33.4230,33.9461,34.4093,34.7937,35.0827,35.2635,35.3280,35.2735,35.1027,34.8237,34.4493,33.9961,33.4830,32.9305,32.3588,31.7869,31.2316,30.7068,30.2232,29.7878,29.4046,29.0745,28.7963,28.5667,28.3813,28.2349,28.1220,28.0374,27.9763,27.9344,27.9081,27.8947,27.8920,27.8986,27.9137,27.9370,27.9688,28.0095,28.0602,28.1218,28.1957,28.2830,28.3850,28.5028,28.6373,28.7890,28.9580,29.1437,29.3451,29.5604,29.7871,30.0221,30.2615,30.5008,30.7352,30.9595,31.1683,31.3564,31.5189,31.6513,31.7502,31.8126,31.8369,31.8226,31.7702,31.6813,31.5589,31.4064,31.2283,31.0295,30.8152,30.5908,30.3615,30.1321,29.9071,29.6904,29.4851,29.2937,29.1179,28.9590,28.8172,28.6927,28.5847,28.4924,28.4147,28.3503,28.2976,28.2553,28.2220,28.1963,28.1769,28.1628,28.1531,28.1467,28.1432,28.1417,28.1420,28.1435
27.5003,27.5055,27.5109,27.5166,27.5226,27.5293,27.5369,27.5460,27.5572,27.5714,27.5899,27.6144,27.6471,27.6908,27.7487,27.8251,27.9245,28.0523,28.2139,28.4151,28.6612,28.9571,29.3059,29.7091,30.1658,30.6719,31.2201,31.7996,32.3962,32.9925,33.5691,34.1053,34.5802,34.9742,35.2703,35.4556,35.5216,35.4656,35.2903,35.0042,34.6202,34.1553,33.6292,33.0625,32.4762,31.8897,31.3202,30.7821,30.2860,29.8395,29.4464,29.1079,28.8226,28.5870,28.3968,28.2465,28.1306,28.0437,27.9809,27.9378,27.9107,27.8967,27.8937,27.9002,27.9154,27.9390,27.9712,28.0126,28.0641,28.1267,28.2017,28.2905,28.3942,28.5140,28.6508,28.8050,28.9768,29.1657,29.3705,29.5895,29.8202,30.0592,30.3027,30.5461,30.7845,31.0126,31.2250,31.4163,31.5815,31.7162,31.8167,31.8802,31.9048,31.8902,31.8367,31.7462,31.6215,31.4663,31.2850,31.0826,30.8645,30.6361,30.4027,30.1692,29.9402,29.7195,29.5105,29.3157,29.1368,28.9750,28.8307,28.7038,28.5939,28.4999,28.4208,28.3551,28.3014,28.2583,28.2243,28.1980,28.1783,28.1639,28.1538,28.1473,28.1436,28.1420,28.1422,28.1436
27.5003,27.5056,27.5110,27.5166,27.5227,27.5294,27.5370,27.5462,27.5574,27.5718,27.5905,27.6153,27.6484,27.6927,27.7514,27.8289,27.9297,28.0593,28.2233,28.4275,28.6773,28.9775,29.3315,29.7408,30.2043,30.7180,31.2744,31.8626,32.4680,33.0733,33.6586,34.2028,34.6848,35.0846,35.3852,35.5732,35.6401,35.5832,35.4052,35.1146,34.7248,34.2528,33.7186,33.1433,32.5481,31.9526,31.3745,30.8281,30.3245,29.8711,29.4721,29.1284,28.8386,28.5994,28.4062,28.2536,28.1359,28.0476,27.9838,27.9399,27.9122,27.8979,27.8948,27.9012,27.9165,27.9403,27.9728,28.0145,28.0664,28.1296,28.2054,28.2950,28.3998,28.5208,28.6590,28.8148,28.9883,29.1791,29.3860,29.6073,29.8403,30.0817,30.3277,30.5737,30.8145,31.0450,31.2595,31.4528,31.6197,31.7557,31.8572,31.9213,31.9461,31.9313,31.8772,31.7857,31.6597,31.5028,31.3195,31.1150,30.8945,30.6637,30.4277,30.1917,29.9603,29.7373,29.5260,29.3291,29.1483,28.9847,28.8389,28.7106,28.5995,28.5045,28.4245,28.3580,28.3038,28.2601,28.2257,28.1991,28.1791,28.1645,28.1543,28.1476,28.1438,28.1422,28.1423,28.1437
27.5003,27.5056,27.5110,27.5166,27.5227,27.5294,27.5371,27.5462,27.5575,27.5719,27.5907,27.6156,27.6489,27.6933,27.7524,27.8302,27.9315,28.0617,28.2265,28.4316,28.6827,28.9844,29.3401,29.7514,30.2172,30.7335,31.2927,31.8838,32.4922,33.1005,33.6887,34.2356,34.7200,35.1218,35.4239,35.6127,35.6800,35.6227,35.4439,35.1518,34.7600,34.2856,33.7487,33.1706,32.5723,31.9738,31.3928,30.8436,30.3375,29.8818,29.4807,29.1353,28.8440,28.6036,28.4094,28.2560,28.1376,28.0489,27.9847,27.9406,27.9128,27.8984,27.8951,27.9016,27.9169,27.9407,27.9733,28.0151,28.0672,28.1306,28.2066,28.2966,28.4017,28.5231,28.6617,28.8180,28.9922,29.1836,29.3913,29.6132,29.8470,30.0893,30.3361,30.5829,30.8246,31.0558,31.2711,31.4650,31.6325,31.7690,31.8708,31.9350,31.9600,31.9450,31.8908,31.7990,31.6725,31.5150,31.3311,31.1258,30.9046,30.6729,30.4361,30.1993,29.9670,29.7432,29.5312,29.3336,29.1521,28.9880,28.8416,28.7129,28.6013,28.5060,28.4257,28.3590,28.3045,28.2607,28.2262,28.1995,28.1794,28.1647,28.1544,28.1478,28.1439,28.1423,28.1424,28.1437
27.5003,27.5056,27.5110,27.5166,27.5227,27.5294,27.5370,27.5462,27.5574,27.5718,27.5905,27.6153,27.6484,27.6927,27.7514,27.8289,27.9297,28.0593,28.2233,28.4275,28.6773,28.9775,29.3315,29.7408,30.2043,30.7180,31.2744,31.8626,32.4680,33.0733,33.6586,34.2028,34.6848,35.0846,35.3852,35.5732,35.6401,35.5832,35.4052,35.1146,34.7248,34.2528,33.7186,33.1433,32.5481,31.9526,31.3745,30.8281,30.3245,29.8711,29.4721,29.1284,28.8386,28.5994,28.4062,28.2536,28.1359,28.0476,27.9838,27.9399,27.9122,27.8979,27.8948,27.9012,27.9165,27.9403,27.9728,28.0145,28.0664,28.1296,28.2054,28.2950,28.3998,28.5208,28.6590,28.8148,28.9883,29.1791,29.3860,29.6073,29.8403,30.0817,30.3277,30.5737,30.8145,31.0450,31.2595,31.4528,31.6197,31.7557,31.8572,31.9213,31.9461,31.9313,31.8772,31.7857,31.6597,31.5028,31.3195,31.1150,30.8945,30.6637,30.4277,30.1917,29.9603,29.7373,29.5260,29.3291,29.1483,28.9847,28.8389,28.7106,28.5995,28.5045,28.4245,28.3580,28.3038,28.2601,28.2257,28.1991,28.1791,28.1645,28.1543,28.1476,28.1438,28.1422,28.1423,28.1437
27.5003,27.5055,27.5109,27.5166,27.5226,27.5293,27.5369,27.5460,27.5572,27.5714,27.5899,27.6144,27.6471,27.6908,27.7487,27.8251,27.9245,28.0523,28.2139,28.4151,28.6612,28.9571,29.3059,29.7091,30.1658,30.6719,31.2201,31.7996,32.3962,32.9925,33.5691,34.1053,34.5802,34.9742,35.2703,35.4556,35.5216,35.4656,35.2903,35.0042,34.6202,34.1553,33.6292,33.0625,32.4762,31.8897,31.3202,30.7821,30.2860,29.8395,29.4464,29.1079,28.8226,28.5870,28.3968,28.2465,28.1306,28.0437,27.9809,27.9378,27.9107,27.8967,27.8937,27.9002,27.9154,27.9390,27.9712,28.0126,28.0641,28.1267,28.2017,28.2905,28.3942,28.5140,28.6508,28.8050,28.9768,29.1657,29.3705,29.5895,29.8202,30.0592,30.3027,30.5461,30.7845,31.0126,31.2250,31.4163,31.5815,31.7162,31.8167,31.8802,31.9048,31.8902,31.8367,31.7462,31.6215,31.4663,31.2850,31.0826,30.8645,30.6361,30.4027,30.1692,29.9402,29.7195,29.5105,29.3157,29.1368,28.9750,28.8307,28.7038,28.5939,28.4999,28.4208,28.3551,28.3014,28.2583,28.2243,28.1980,28.1783,28.1639,28.1538,28.1473,28.1436,28.1420,28.1422,28.1436
27.5003,27.5055,27.5109,27.5165,27.5226,27.5292,27.5368,27.5457,27.5567,27.5707,27.5889,27.6129,27.6450,27.6877,27.7443,27.8189,27.9160,28.0407,28.1985,28.3948,28.6350,28.9237,29.2640,29.6574,30.1029,30.5967,31.1315,31.6968,32.2787,32.8605,33.4230,33.9461,34.4093,34.7937,35.0827,35.2635,35.3280,35.2735,35.1027,34.8237,34.4493,33.9961,33.4830,32.9305,32.3588,31.7869,31.2316,30.7068,30.2232,29.7878,29.4046,29.0745,28.7963,28.5667,28.3813,28.2349,28.1220,28.0374,27.9763,27.9344,27.9081,27.8947,27.8920,27.8986,27.9137,27.9370,27.9688,28.0095,28.0602,28.1218,28.1957,28.2830,28.3850,28.5028,28.6373,28.7890,28.9580,29.1437,29.3451,29.5604,29.7871,30.0221,30.2615,30.5008,30.7352,30.9595,31.1683,31.3564,31.5189,31.6513,31.7502,31.8126,31.8369,31.8226,31.7702,31.6813,31.5589,31.4064,31.2283,31.0295,30.8152,30.5908,30.3615,30.1321,29.9071,29.6904,29.4851,29.2937,29.1179,28.9590,28.8172,28.6927,28.5847,28.4924,28.4147,28.3503,28.2976,28.2553,28.2220,28.1963,28.1769,28.1628,28.1531,28.1467,28.1432,28.1417,28.1420,28.1435
27.5003,27.5055,27.5109,27.5165,27.5225,27.5291,27.5365,27.5453,27.5562,27.5698,27.5876,27.6109,27.6420,27.6834,27.7383,27.8105,27.9045,28.0250,28.1775,28.3673,28.5994,28.8783,29.2071,29.5872,30.0175,30.4945,31.0111,31.5571,32.1192,32.6811,33.2244,33.7297,34.1772,34.5485,34.8277,35.0025,35.0649,35.0125,34.8477,34.5785,34.2172,33.7797,33.2845,32.7511,32.1992,31.6472,31.1112,30.6046,30.1378,29.7175,29.3477,29.0292,28.7607,28.5392,28.3603,28.2191,28.1103,28.0288,27.9700,27.9298,27.9047,27.8919,27.8896,27.8963,27.9112,27.9342,27.9654,28.0053,28.0549,28.1152,28.1873,28.2727,28.3724,28.4875,28.6189,28.7671,28.9321,29.1134,29.3101,29.5204,29.7418,29.9713,30.2050,30.4387,30.6676,30.8866,31.0905,31.2742,31.4329,31.5623,31.6589,31.7200,31.7438,31.7300,31.6789,31.5923,31.4729,31.3242,31.1505,30.9566,30.7476,30.5287,30.3050,30.0813,29.8618,29.6504,29.4501,29.2634,29.0920,28.9370,28.7988,28.6773,28.5721,28.4822,28.4065,28.3437,28.2924,28.2513,28.2188,28.1938,28.1751,28.1615,28.1520,28.1460,28.1426,28.1413,28.1417,28.1433
27.5003,27.5055,27.5108,27.5164,27.5224,27.5289,27.5362,27.5449,27.5554,27.5687,27.5859,27.6085,27.6384,27.6782,27.7309,27.8002,27.8902,28.0057,28.1517,28.3333,28.5555,28.8223,29.1368,29.5004,29.9120,30.3682,30.8623,31.3845,31.9221,32.4595,32.9791,33.4624,33.8904,34.2456,34.5128,34.6800,34.7400,34.6900,34.5328,34.2756,33.9304,33.5124,33.0392,32.5295,32.0021,31.4746,30.9624,30.4784,30.0323,29.6307,29.2774,28.9731,28.7167,28.5052,28.3344,28.1996,28.0958,28.0182,27.9623,27.9241,27.9003,27.8885,27.8866,27.8935,27.9082,27.9307,27.9611,28.0000,28.0482,28.1068,28.1770,28.2598,28.3566,28.4684,28.5959,28.7396,28.8997,29.0757,29.2664,29.4704,29.6851,29.9077,30.1344,30.3611,30.5831,30.7955,30.9933,31.1715,31.3255,31.4510,31.5448,31.6041,31.6274,31.6141,31.5648,31.4810,31.3655,31.2215,31.0533,30.8655,30.6631,30.4511,30.2344,30.0177,29.8051,29.6004,29.4064,29.2256,29.0597,28.9096,28.7758,28.6582,28.5563,28.4693,28.3961,28.3354,28.2859,28.2461,28.2149,28.1908,28.1728,28.1597,28.1507,28.1450,28.1419,28.1408,28.1413,28.1430
27.5003,27.5055,27.5108,27.5163,27.5222,27.5287,27.5359,27.5444,27.5546,27.5675,27.5840,27.6056,27.6342,27.6722,27.7223,27.7881,27.8736,27.9832,28.1216,28.2938,28.5043,28.7571,29.0551,29.3995,29.7894,30.2214,30.6893,31.1839,31.6929,32.2018,32.6940,33.1516,33.5570,33.8935,34.1466,34.3052,34.3622,34.3152,34.1666,33.9235,33.5970,33.2016,32.7540,32.2719,31.7730,31.2739,30.7894,30.3315,29.9096,29.5298,29.1956,28.9079,28.6655,28.4656,28.3042,28.1769,28.0790,28.0058,27.9532,27.9174,27.8953,27.8845,27.8832,27.8901,27.9047,27.9266,27.9561,27.9938,28.0404,28.0970,28.1647,28.2446,28.3380,28.4457,28.5687,28.7072,28.8615,29.0310,29.2149,29.4113,29.6182,29.8326,30.0510,30.2694,30.4833,30.6879,30.8785,31.0502,31.1986,31.3197,31.4101,31.4674,31.4900,31.4774,31.4301,31.3497,31.2386,31.1002,30.9385,30.7579,30.5633,30.3594,30.1510,29.9426,29.7382,29.5413,29.3548,29.1810,29.0215,28.8772,28.7486,28.6356,28.5377,28.4542,28.3839,28.3256,28.2782,28.2401,28.2102,28.1872,28.1700,28.1577,28.1492,28.1439,28.1411,28.1402,28.1409,28.1427
27.5003,27.5054,27.5107,27.5163,27.5221,27.5284,27.5355,27.5438,27.5537,27.5660,27.5818,27.6024,27.6296,27.6654,27.7127,27.7747,27.8551,27.9581,28.0882,28.2498,28.4474,28.6846,28.9642,29.2872,29.6529,30.0580,30.4968,30.9605,31.4379,31.9151,32.3765,32.8057,33.1859,33.5015,33.7390,33.8879,33.9416,33.8979,33.7590,33.5315,33.2259,32.8557,32.4365,31.9851,31.5179,31.0506,30.5969,30.1681,29.7731,29.4175,29.1047,28.8354,28.6086,28.4215,28.2706,28.1517,28.0603,27.9921,27.9432,27.9100,27.8897,27.8801,27.8793,27.8864,27.9006,27.9219,27.9504,27.9867,28.0315,28.0858,28.1508,28.2274,28.3169,28.4201,28.5378,28.6705,28.8182,28.9805,29.1564,29.3444,29.5424,29.7476,29.9566,30.1655,30.3702,30.5660,30.7484,30.9127,31.0548,31.1707,31.2574,31.3124,31.3342,31.3224,31.2774,31.2007,31.0948,30.9627,30.8084,30.6360,30.4502,30.2555,30.0566,29.8576,29.6624,29.4744,29.2964,29.1304,28.9782,28.8405,28.7177,28.6100,28.5166,28.4370,28.3700,28.3146,28.2694,28.2333,28.2049,28.1831,28.1669,28.1553,28.1475,28.1426,28.1402,28.1396,28.1404,28.1424
27.5002,27.5054,27.5107,27.5162,27.5219,27.5282,27.5351,27.5431,27.5527,27.5645,27.5795,27.5990,27.6245,27.6582,27.7024,27.7603,27.8352,27.9312,28.0522,28.2025,28.3862,28.6066,28.8663,29.1664,29.5060,29.8822,30.2896,30.7202,31.1635,31.6065,32.0350,32.4335,32.7866,33.0798,33.3005,33.4390,33.4892,33.4490,33.3205,33.1098,32.8266,32.4835,32.0950,31.6765,31.2435,30.8103,30.3897,29.9923,29.6262,29.2967,29.0068,28.7573,28.5473,28.3741,28.2345,28.1246,28.0402,27.9773,27.9323,27.9020,27.8837,27.8752,27.8751,27.8823,27.8963,27.9168,27.9442,27.9789,28.0217,28.0736,28.1355,28.2085,28.2937,28.3919,28.5039,28.6301,28.7706,28.9249,29.0921,29.2709,29.4590,29.6540,29.8527,30.0513,30.2458,30.4320,30.6053,30.7616,30.8967,31.0070,31.0895,31.1420,31.1629,31.1520,31.1095,31.0370,30.9367,30.8116,30.6653,30.5020,30.3258,30.1413,29.9527,29.7640,29.5790,29.4009,29.2321,29.0748,28.9305,28.8001,28.6839,28.5818,28.4935,28.4181,28.3548,28.3024,28.2598,28.2257,28.1991,28.1787,28.1636,28.1528,28.1456,28.1412,28.1391,28.1388,28.1399,28.1420
27.5002,27.5054,27.5106,27.5161,27.5218,27.5279,27.5347,27.5425,27.5517,27.5629,27.5771,27.5954,27.6193,27.6506,27.6916,27.7452,27.8144,27.9029,28.0145,28.1530,28.3221,28.5250,28.7640,29.0399,29.3523,29.6983,30.0729,30.4688,30.8763,31.2837,31.6777,32.0441,32.3688,32.6385,32.8416,32.9693,33.0158,32.9793,32.8617,32.6685,32.4088,32.0941,31.7377,31.3537,30.9564,30.5589,30.1730,29.8084,29.4725,29.1702,28.9044,28.6757,28.4831,28.3245,28.1967,28.0962,28.0191,27.9618,27.9210,27.8936,27.8773,27.8701,27.8707,27.8780,27.8916,27.9113,27.9375,27.9706,28.0113,28.0605,28.1191,28.1883,28.2688,28.3617,28.4676,28.5868,28.7195,28.8653,29.0232,29.1920,29.3697,29.5538,29.7413,29.9288,30.1125,30.2883,30.4520,30.5996,30.7272,30.8315,30.9096,30.9593,30.9794,30.9693,30.9296,30.8615,30.7672,30.6496,30.5120,30.3583,30.1925,30.0188,29.8413,29.6638,29.4897,29.3220,29.1632,29.0152,28.8795,28.7568,28.6475,28.5516,28.4686,28.3979,28.3385,28.2894,28.2495,28.2177,28.1928,28.1739,28.1599,28.1501,28.1435,28.1397,28.1380,28.1380,28.1393,28.1416
27.5002,27.5053,27.5106,27.5160,27.5216,27.5277,27.5343,27.5418,27.5506,27.5613,27.5747,27.5918,27.6139,27.6428,27.6806,27.7298,27.7932,27.8741,27.9760,28.1024,28.2567,28.4416,28.6594,28.9108,29.1953,29.5104,29.8515,30.2120,30.5830,30.9539,31.3127,31.6463,31.9421,32.1878,32.3730,32.4895,32.5322,32.4995,32.3930,32.2178,31.9821,31.6964,31.3727,31.0240,30.6631,30.3021,29.9516,29.6205,29.3155,29.0411,28.7998,28.5923,28.4176,28.2739,28.1581,28.0671,27.9975,27.9459,27.9093,27.8850,27.8708,27.8649,27.8661,27.8735,27.8867,27.9056,27.9305,27.9619,28.0003,28.0467,28.1019,28.1670,28.2427,28.3300,28.4294,28.5414,28.6659,28.8027,28.9509,29.1092,29.2759,29.4485,29.6244,29.8003,29.9725,30.1374,30.2910,30.4295,30.5493,30.6472,30.7206,30.7675,30.7866,30.7775,30.7406,30.6772,30.5893,30.4795,30.3510,30.2074,30.0525,29.8903,29.7244,29.5585,29.3959,29.2392,29.0909,28.9527,28.8259,28.7114,28.6094,28.5199,28.4425,28.3766,28.3213,28.2757,28.2387,28.2092,28.1862,28.1688,28.1561,28.1472,28.1414,28.1381,28.1369,28.1372,28.1387,28.1412
27.5002,27.5053,27.5105,27.5159,27.5215,27.5274,27.5339,27.5411,27.5496,27.5597,27.5722,27.5881,27.6085,27.6351,27.6696,27.7143,27.7719,27.8453,27.9376,28.0519,28.1912,28.3582,28.5548,28.7816,29.0383,29.3225,29.6301,29.9551,30.2897,30.6241,30.9476,31.2485,31.5153,31.7370,31.9042,32.0096,32.0486,32.0196,31.9242,31.7670,31.5553,31.2985,31.0076,30.6941,30.3697,30.0452,29.7302,29.4326,29.1584,28.9119,28.6952,28.5088,28.3521,28.2232,28.1195,28.0381,27.9760,27.9301,27.8977,27.8764,27.8642,27.8596,27.8614,27.8689,27.8817,27.8998,27.9233,27.9529,27.9890,28.0325,28.0842,28.1450,28.2158,28.2973,28.3901,28.4945,28.6106,28.7381,28.8763,29.0238,29.1791,29.3400,29.5039,29.6677,29.8282,29.9818,30.1249,30.2540,30.3658,30.4572,30.5258,30.5697,30.5878,30.5797,30.5458,30.4872,30.4058,30.3040,30.1849,30.0518,29.9082,29.7577,29.6039,29.4500,29.2991,29.1538,29.0163,28.8881,28.7706,28.6645,28.5700,28.4872,28.4156,28.3547,28.3037,28.2616,28.2275,28.2005,28.1795,28.1636,28.1521,28.1442,28.1392,28.1365,28.1357,28.1363,28.1381,28.1407
27.5002,27.5053,27.5105,27.5158,27.5213,27.5271,27.5334,27.5405,27.5485,27.5581,27.5698,27.5845,27.6033,27.6275,27.6588,27.6992,27.7511,27.8170,27.8998,28.0022,28.1270,28.2764,28.4521,28.6549,28.8842,29.1381,29.4128,29.7031,30.0018,30.3005,30.5894,30.8581,31.0965,31.2946,31.4442,31.5387,31.5740,31.5487,31.4642,31.3246,31.1365,30.9081,30.6494,30.3705,30.0819,29.7931,29.5129,29.2481,29.0044,28.7851,28.5925,28.4270,28.2878,28.1734,28.0816,28.0096,27.9548,27.9145,27.8863,27.8679,27.8578,27.8544,27.8568,27.8643,27.8767,27.8938,27.9160,27.9437,27.9775,28.0181,28.0662,28.1228,28.1885,28.2641,28.3502,28.4470,28.5546,28.6727,28.8006,28.9372,29.0809,29.2298,29.3815,29.5332,29.6817,29.8239,29.9565,30.0760,30.1796,30.2644,30.3281,30.3690,30.3861,30.3790,30.3481,30.2944,30.2196,30.1260,30.0165,29.8939,29.7617,29.6232,29.4815,29.3398,29.2009,29.0672,28.9406,28.8226,28.7146,28.6169,28.5301,28.4540,28.3883,28.3325,28.2857,28.2473,28.2162,28.1916,28.1726,28.1584,28.1481,28.1412,28.1370,28.1349,28.1345,28.1355,28.1375,28.1403
27.5001,27.5052,27.5104,27.5157,27.5212,27.5269,27.5330,27.5398,27.5475,27.5566,27.5675,27.5810,27.5982,27.6201,27.6483,27.6846,27.7310,27.7898,27.8634,27.9544,28.0651,28.1975,28.3532,28.5327,28.7357,28.9603,29.2033,29.4601,29.7243,29.9885,30.2440,30.4818,30.6927,30.8681,31.0007,31.0847,31.1165,31.0947,31.0207,30.8981,30.7327,30.5318,30.3040,30.0585,29.8043,29.5501,29.3034,29.0704,28.8558,28.6629,28.4935,28.3480,28.2258,28.1255,28.0450,27.9821,27.9344,27.8995,27.8752,27.8597,27.8515,27.8492,27.8522,27.8597,27.8717,27.8879,27.9088,27.9346,27.9660,28.0036,28.0482,28.1005,28.1612,28.2309,28.3102,28.3994,28.4985,28.6072,28.7248,28.8505,28.9827,29.1197,29.2592,29.3986,29.5352,29.6661,29.7880,29.8980,29.9934,30.0715,30.1304,30.1683,30.1844,30.1783,30.1504,30.1015,30.0334,29.9480,29.8480,29.7361,29.6152,29.4886,29.3592,29.2297,29.1027,28.9805,28.8648,28.7572,28.6585,28.5694,28.4902,28.4209,28.3610,28.3102,28.2678,28.2329,28.2049,28.1827,28.1657,28.1531,28.1441,28.1382,28.1347,28.1332,28.1333,28.1346,28.1369,28.1399
27.5001,27.5052,27.5104,27.5156,27.5210,27.5266,27.5327,27.5392,27.5466,27.5551,27.5653,27.5777,27.5934,27.6132,27.6384,27.6708,27.7119,27.7639,27.8289,27.9090,28.0063,28.1227,28.2593,28.4168,28.5948,28.7916,29.0046,29.2296,29.4611,29.6925,29.9164,30.1248,30.3097,30.4636,30.5801,30.6541,30.6825,30.6641,30.6001,30.4936,30.3497,30.1748,29.9764,29.7625,29.5411,29.3196,29.1047,28.9017,28.7149,28.5470,28.3996,28.2731,28.1670,28.0800,28.0104,27.9561,27.9150,27.8852,27.8647,27.8519,27.8455,27.8443,27.8478,27.8553,27.8668,27.8821,27.9016,27.9256,27.9547,27.9894,28.0305,28.0785,28.1342,28.1982,28.2709,28.3525,28.4431,28.5425,28.6501,28.7650,28.8858,29.0110,29.1384,29.2659,29.3907,29.5102,29.6217,29.7224,29.8096,29.8812,29.9352,29.9702,29.9853,29.9802,29.9552,29.9112,29.8496,29.7724,29.6817,29.5802,29.4707,29.3559,29.2384,29.1210,29.0058,28.8950,28.7901,28.6925,28.6031,28.5225,28.4508,28.3881,28.3341,28.2883,28.2501,28.2188,28.1937,28.1740,28.1590,28.1479,28.1402,28.1352,28.1325,28.1316,28.1321,28.1337,28.1363,28.1394
27.5001,27.5052,27.5103,27.5155,27.5209,27.5264,27.5323,27.5386,27.5457,27.5537,27.5632,27.5747,27.5889,27.6067,27.6292,27.6578,27.6941,27.7398,27.7966,27.8666,27.9515,28.0528,28.1717,28.3086,28.4632,28.6342,28.8191,29.0144,29.2153,29.4161,29.6105,29.7914,29.9520,30.0859,30.1873,30.2520,30.2772,30.2620,30.2073,30.1159,29.9920,29.8414,29.6705,29.4862,29.2953,29.1044,28.9191,28.7442,28.5833,28.4388,28.3120,28.2032,28.1121,28.0375,27.9780,27.9317,27.8969,27.8718,27.8549,27.8446,27.8398,27.8397,27.8436,27.8511,27.8620,27.8765,27.8946,27.9169,27.9437,27.9756,28.0132,28.0571,28.1079,28.1663,28.2325,28.3067,28.3892,28.4796,28.5773,28.6817,28.7914,28.9050,29.0208,29.1365,29.2498,29.3584,29.4597,29.5511,29.6305,29.6958,29.7451,29.7772,29.7913,29.7872,29.7651,29.7258,29.6705,29.6011,29.5197,29.4284,29.3298,29.2265,29.1208,29.0150,28.9114,28.8117,28.7173,28.6295,28.5492,28.4767,28.4124,28.3562,28.3078,28.2669,28.2328,28.2050,28.1828,28.1655,28.1524,28.1428,28.1363,28.1323,28.1303,28.1300,28.1309,28.1329,28.1357,28.1390
27.5001,27.5052,27.5103,27.5154,27.5207,27.5262,27.5320,27.5381,27.5449,27.5525,27.5613,27.5719,27.5847,27.6007,27.6207,27.6459,27.6777,27.7175,27.7670,27.8276,27.9010,27.9885,28.0910,28.2090,28.3421,28.4893,28.6484,28.8163,28.9891,29.1618,29.3290,29.4847,29.6229,29.7383,29.8259,29.8820,29.9043,29.8920,29.8459,29.7683,29.6629,29.5347,29.3890,29.2318,29.0691,28.9063,28.7484,28.5993,28.4622,28.3392,28.2313,28.1389,28.0616,27.9984,27.9482,27.9093,27.8803,27.8595,27.8458,27.8378,27.8345,27.8353,27.8396,27.8470,27.8575,27.8711,27.8880,27.9085,27.9331,27.9622,27.9965,28.0365,28.0826,28.1355,28.1955,28.2627,28.3372,28.4189,28.5072,28.6014,28.7004,28.8030,28.9074,29.0118,29.1141,29.2121,29.3036,29.3862,29.4580,29.5171,29.5619,29.5912,29.6044,29.6012,29.5819,29.5471,29.4980,29.4362,29.3636,29.2821,29.1941,29.1018,29.0074,28.9130,28.8204,28.7314,28.6472,28.5689,28.4972,28.4327,28.3754,28.3255,28.2826,28.2463,28.2162,28.1918,28.1723,28.1573,28.1460,28.1380,28.1326,28.1295,28.1283,28.1285,28.1298,28.1321,28.1351,28.1386
27.5001,27.5051,27.5102,27.5154,27.5206,27.5260,27.5317,27.5376,27.5441,27.5513,27.5596,27.5693,27.5810,27.5952,27.6130,27.6352,27.6629,27.6974,27.7400,27.7922,27.8552,27.9302,28.0179,28.1187,28.2323,28.3578,28.4935,28.6366,28.7839,28.9311,29.0736,29.2064,29.3244,29.4229,29.4979,29.5463,29.5660,29.5563,29.5179,29.4529,29.3644,29.2564,29.1336,29.0011,28.8639,28.7267,28.5935,28.4679,28.3524,28.2488,28.1581,28.0805,28.0157,27.9630,27.9211,27.8889,27.8651,27.8484,27.8375,27.8316,27.8297,27.8313,27.8359,27.8432,27.8532,27.8659,27.8816,27.9005,27.9229,27.9495,27.9806,28.0168,28.0585,28.1062,28.1602,28.2207,28.2877,28.3611,28.4404,28.5249,28.6138,28.7058,28.7994,28.8931,28.9848,29.0728,29.1549,29.2291,29.2937,29.3469,29.3874,29.4141,29.4264,29.4241,29.4074,29.3769,29.3337,29.2791,29.2149,29.1428,29.0648,28.9831,28.8994,28.8158,28.7338,28.6549,28.5804,28.5111,28.4477,28.3907,28.3402,28.2962,28.2585,28.2267,28.2004,28.1791,28.1623,28.1494,28.1399,28.1333,28.1291,28.1269,28.1263,28.1270,28.1288,28.1313,28.1345,28.1382
27.5001,27.5051,27.5102,27.5153,27.5205,27.5259,27.5314,27.5372,27.5435,27.5503,27.5581,27.5670,27.5776,27.5904,27.6061,27.6255,27.6496,27.6793,27.7160,27.7606,27.8143,27.8780,27.9524,28.0378,28.1340,28.2402,28.3548,28.4758,28.6003,28.7246,28.8451,28.9573,29.0572,29.1407,29.2045,29.2459,29.2632,29.2559,29.2245,29.1707,29.0972,29.0073,28.9051,28.7946,28.6803,28.5658,28.4549,28.3502,28.2541,28.1679,28.0926,28.0283,27.9747,27.9312,27.8969,27.8707,27.8516,27.8383,27.8301,27.8260,27.8253,27.8276,27.8325,27.8397,27.8492,27.8611,27.8756,27.8929,27.9134,27.9375,27.9657,27.9983,28.0358,28.0786,28.1270,28.1812,28.2411,28.3066,28.3774,28.4528,28.5321,28.6141,28.6976,28.7811,28.8630,28.9414,29.0147,29.0810,29.1388,29.1865,29.2229,29.2471,29.2586,29.2571,29.2429,29.2165,29.1788,29.1310,29.0747,29.0114,28.9430,28.8711,28.7976,28.7241,28.6521,28.5828,28.5174,28.4566,28.4011,28.3511,28.3070,28.2686,28.2357,28.2082,28.1855,28.1672,28.1529,28.1421,28.1342,28.1289,28.1258,28.1244,28.1244,28.1256,28.1278,28.1306,28.1340,28.1378
27.5001,27.5051,27.5102,27.5153,27.5204,27.5257,27.5312,27.5368,27.5429,27.5494,27.5567,27.5650,27.5746,27.5861,27.6000,27.6170,27.6378,27.6634,27.6947,27.7326,27.7781,27.8319,27.8946,27.9664,28.0472,28.1363,28.2324,28.3338,28.4381,28.5423,28.6432,28.7373,28.8212,28.8915,28.9453,28.9806,28.9958,28.9906,28.9653,28.9215,28.8612,28.7873,28.7032,28.6123,28.5181,28.4238,28.3324,28.2463,28.1672,28.0965,28.0347,27.9821,27.9385,27.9032,27.8755,27.8546,27.8396,27.8295,27.8235,27.8210,27.8214,27.8243,27.8294,27.8365,27.8455,27.8567,27.8700,27.8859,27.9045,27.9264,27.9517,27.9810,28.0146,28.0529,28.0960,28.1442,28.1975,28.2558,28.3186,28.3856,28.4559,28.5286,28.6027,28.6767,28.7493,28.8189,28.8839,28.9429,28.9942,29.0368,29.0694,29.0914,29.1020,29.1014,29.0894,29.0668,29.0342,28.9929,28.9439,28.8889,28.8293,28.7667,28.7027,28.6386,28.5759,28.5156,28.4586,28.4058,28.3575,28.3142,28.2760,28.2428,28.2146,28.1909,28.1716,28.1561,28.1441,28.1352,28.1289,28.1248,28.1227,28.1220,28.1227,28.1244,28.1268,28.1299,28.1335,28.1375
27.5000,27.5051,27.5101,27.5152,27.5204,27.5256,27.5310,27.5365,27.5424,27.5486,27.5555,27.5632,27.5720,27.5824,27.5947,27.6095,27.6276,27.6495,27.6761,27.7082,27.7465,27.7917,27.8441,27.9041,27.9715,28.0457,28.1257,28.2100,28.2967,28.3833,28.4673,28.5456,28.6155,28.6742,28.7194,28.7493,28.7627,28.7593,28.7394,28.7042,28.6555,28.5956,28.5273,28.4533,28.3767,28.3000,28.2257,28.1557,28.0916,28.0342,27.9843,27.9419,27.9069,27.8787,27.8569,27.8406,27.8291,27.8217,27.8178,27.8167,27.8180,27.8214,27.8266,27.8335,27.8422,27.8526,27.8649,27.8794,27.8964,27.9160,27.9388,27.9650,27.9950,28.0291,28.0674,28.1101,28.1573,28.2088,28.2643,28.3234,28.3855,28.4497,28.5150,28.5802,28.6443,28.7057,28.7631,28.8152,28.8607,28.8985,28.9277,28.9474,28.9574,28.9574,28.9477,28.9285,28.9007,28.8652,28.8231,28.7757,28.7243,28.6702,28.6150,28.5597,28.5055,28.4534,28.4043,28.3588,28.3173,28.2801,28.2474,28.2190,28.1950,28.1750,28.1587,28.1458,28.1360,28.1288,28.1240,28.1211,28.1198,28.1199,28.1211,28.1232,28.1260,28.1293,28.1331,28.1372
27.5000,27.5051,27.5101,27.5152,27.5203,27.5255,27.5308,27.5362,27.5419,27.5480,27.5545,27.5617,27.5698,27.5791,27.5901,27.6031,27.6188,27.6376,27.6602,27.6872,27.7194,27.7571,27.8007,27.8505,27.9063,27.9677,28.0338,28.1034,28.1750,28.2465,28.3158,28.3805,28.4384,28.4871,28.5249,28.5501,28.5620,28.5601,28.5449,28.5171,28.4784,28.4305,28.3758,28.3165,28.2550,28.1934,28.1338,28.0777,28.0264,27.9806,27.9409,27.9073,27.8797,27.8577,27.8408,27.8285,27.8201,27.8150,27.8128,27.8129,27.8150,27.8188,27.8241,27.8309,27.8391,27.8488,27.8602,27.8735,27.8889,27.9066,27.9270,27.9504,27.9771,28.0073,28.0412,28.0789,28.1205,28.1658,28.2147,28.2666,28.3211,28.3774,28.4347,28.4920,28.5482,28.6021,28.6526,28.6984,28.7386,28.7720,28.7979,28.8157,28.8251,28.8257,28.8179,28.8020,28.7786,28.7484,28.7126,28.6721,28.6282,28.5820,28.5347,28.4874,28.4411,28.3966,28.3547,28.3158,28.2805,28.2489,28.2212,28.1973,28.1771,28.1604,28.1469,28.1364,28.1286,28.1230,28.1195,28.1176,28.1172,28.1179,28.1196,28.1221,28.1252,28.1287,28.1327,28.1369
27.5000,27.5050,27.5101,27.5151,27.5202,27.5254,27.5306,27.5360,27.5416,27.5474,27.5536,27.5604,27.5679,27.5764,27.5862,27.5977,27.6113,27.6274,27.6466,27.6694,27.6963,27.7277,27.7638,27.8050,27.8509,27.9014,27.9557,28.0128,28.0715,28.1301,28.1870,28.2402,28.2878,28.3281,28.3595,28.3808,28.3914,28.3908,28.3795,28.3581,28.3278,28.2902,28.2470,28.2001,28.1515,28.1028,28.0557,28.0114,27.9710,27.9350,27.9040,27.8778,27.8565,27.8398,27.8271,27.8182,27.8124,27.8093,27.8085,27.8096,27.8124,27.8165,27.8219,27.8285,27.8363,27.8455,27.8560,27.8681,27.8821,27.8980,27.9163,27.9372,27.9609,27.9876,28.0175,28.0507,28.0872,28.1269,28.1696,28.2151,28.2627,28.3119,28.3619,28.4120,28.4610,28.5082,28.5523,28.5925,28.6278,28.6573,28.6803,28.6964,28.7051,28.7064,28.7003,28.6873,28.6678,28.6425,28.6123,28.5782,28.5410,28.5020,28.4619,28.4219,28.3827,28.3451,28.3096,28.2769,28.2472,28.2207,28.1975,28.1775,28.1608,28.1471,28.1363,28.1279,28.1218,28.1177,28.1154,28.1145,28.1148,28.1161,28.1183,28.1211,28.1245,28.1282,28.1323,28.1366
27.5000,27.5050,27.5101,27.5151,27.5202,27.5253,27.5305,27.5358,27.5412,27.5469,27.5529,27.5593,27.5663,27.5741,27.5829,27.5931,27.6050,27.6188,27.6352,27.6544,27.6769,27.7029,27.7328,27.7667,27.8044,27.8457,27.8901,27.9367,27.9845,28.0324,28.0788,28.1223,28.1613,28.1945,28.2206,28.2386,28.2480,28.2486,28.2406,28.2245,28.2013,28.1723,28.1388,28.1024,28.0645,28.0267,27.9901,27.9557,27.9245,27.8968,27.8729,27.8531,27.8371,27.8247,27.8157,27.8095,27.8059,27.8045,27.8049,27.8069,27.8101,27.8145,27.8200,27.8264,27.8339,27.8424,27.8522,27.8633,27.8760,27.8904,27.9067,27.9253,27.9463,27.9698,27.9961,28.0252,28.0572,28.0919,28.1292,28.1688,28.2102,28.2530,28.2965,28.3401,28.3828,28.4238,28.4623,28.4974,28.5283,28.5543,28.5747,28.5891,28.5973,28.5991,28.5947,28.5843,28.5683,28.5474,28.5223,28.4938,28.4628,28.4301,28.3965,28.3630,28.3302,28.2988,28.2692,28.2419,28.2172,28.1952,28.1761,28.1598,28.1462,28.1353,28.1267,28.1203,28.1158,28.1130,28.1117,28.1116,28.1126,28.1145,28.1171,28.1202,28.1238,28.1278,28.1320,28.1364
27.5000,27.5050,27.5101,27.5151,27.5202,27.5252,27.5304,27.5356,27.5410,27.5465,27.5523,27.5584,27.5650,27.5722,27.5802,27.5893,27.5997,27.6118,27.6257,27.6420,27.6608,27.6824,27.7071,27.7349,27.7658,27.7995,27.8356,27.8735,27.9124,27.9512,27.9890,28.0244,28.0563,28.0836,28.1053,28.1206,28.1291,28.1306,28.1253,28.1136,28.0963,28.0744,28.0490,28.0212,27.9924,27.9635,27.9356,27.9095,27.8858,27.8650,27.8472,27.8326,27.8210,27.8122,27.8061,27.8023,27.8006,27.8005,27.8019,27.8045,27.8082,27.8128,27.8183,27.8246,27.8317,27.8398,27.8488,27.8590,27.8705,27.8835,27.8982,27.9147,27.9333,27.9540,27.9771,28.0026,28.0305,28.0607,28.0932,28.1275,28.1635,28.2006,28.2383,28.2761,28.3131,28.3487,28.3822,28.4127,28.4397,28.4625,28.4806,28.4936,28.5013,28.5036,28.5006,28.4925,28.4797,28.4627,28.4422,28.4187,28.3931,28.3661,28.3383,28.3106,28.2835,28.2575,28.2332,28.2107,28.1905,28.1726,28.1571,28.1440,28.1333,28.1247,28.1181,28.1134,28.1104,28.1088,28.1084,28.1091,28.1107,28.1131,28.1160,28.1194,28.1232,28.1273,28.1317,28.1362
27.5000,27.5050,27.5100,27.5151,27.5201,27.5252,27.5303,27.5355,27.5408,27.5462,27.5518,27.5577,27.5639,27.5706,27.5780,27.5862,27.5954,27.6059,27.6180,27.6318,27.6476,27.6656,27.6860,27.7089,27.7341,27.7616,27.7909,27.8217,27.8532,27.8847,27.9153,27.9441,27.9702,27.9926,28.0107,28.0238,28.0315,28.0338,28.0307,28.0226,28.0102,27.9941,27.9753,27.9547,27.9332,27.9117,27.8909,27.8716,27.8541,27.8389,27.8261,27.8157,27.8077,27.8020,27.7983,27.7964,27.7961,27.7972,27.7994,27.8026,27.8066,27.8114,27.8169,27.8230,27.8298,27.8374,27.8459,27.8553,27.8658,27.8775,27.8906,27.9054,27.9218,27.9401,27.9604,27.9827,28.0070,28.0333,28.0614,28.0912,28.1223,28.1544,28.1870,28.2196,28.2516,28.2824,28.3114,28.3380,28.3615,28.3816,28.3976,28.4094,28.4166,28.4194,28.4176,28.4116,28.4015,28.3880,28.3714,28.3524,28.3316,28.3096,28.2870,28.2644,28.2423,28.2212,28.2014,28.1833,28.1670,28.1527,28.1404,28.1301,28.1218,28.1153,28.1106,28.1074,28.1056,28.1051,28.1055,28.1069,28.1091,28.1118,28.1151,28.1187,28.1227,28.1270,28.1314,28.1360
27.5000,27.5050,27.5100,27.5151,27.5201,27.5251,27.5302,27.5354,27.5406,27.5459,27.5514,27.5571,27.5630,27.5694,27.5762,27.5837,27.5920,27.6012,27.6117,27.6235,27.6369,27.6520,27.6689,27.6877,27.7084,27.7308,27.7547,27.7797,27.8052,27.8307,27.8556,27.8791,27.9004,27.9189,27.9340,27.9453,27.9524,27.9553,27.9540,27.9489,27.9404,27.9291,27.9156,27.9007,27.8852,27.8697,27.8547,27.8409,27.8285,27.8178,27.8090,27.8020,27.7970,27.7937,27.7920,27.7916,27.7926,27.7945,27.7974,27.8010,27.8053,27.8102,27.8156,27.8216,27.8282,27.8354,27.8433,27.8520,27.8616,27.8722,27.8840,27.8972,27.9118,27.9279,27.9457,27.9652,27.9864,28.0092,28.0336,28.0593,28.0862,28.1139,28.1420,28.1701,28.1978,28.2244,28.2495,28.2726,28.2931,28.3107,28.3250,28.3356,28.3425,28.3456,28.3450,28.3407,28.3331,28.3226,28.3095,28.2944,28.2778,28.2601,28.2420,28.2239,28.2062,28.1893,28.1736,28.1592,28.1464,28.1352,28.1257,28.1179,28.1118,28.1072,28.1040,28.1022,28.1015,28.1018,28.1030,28.1050,28.1076,28.1107,28.1142,28.1181,28.1223,28.1267,28.1312,28.1358
27.5000,27.5050,27.5100,27.5150,27.5201,27.5251,27.5302,27.5353,27.5405,27.5457,27.5511,27.5566,27.5623,27.5684,27.5748,27.5817,27.5892,27.5975,27.6066,27.6169,27.6283,27.6410,27.6552,27.6708,27.6878,27.7062,27.7257,27.7460,27.7667,27.7875,27.8077,27.8269,27.8444,27.8598,27.8725,27.8823,27.8890,27.8923,27.8925,27.8898,27.8844,27.8769,27.8677,27.8575,27.8468,27.8360,27.8257,27.8162,27.8079,27.8008,27.7952,27.7911,27.7884,27.7870,27.7869,27.7878,27.7897,27.7924,27.7957,27.7997,27.8042,27.8092,27.8146,27.8205,27.8268,27.8336,27.8410,27.8491,27.8579,27.8676,27.8783,27.8901,27.9031,27.9173,27.9330,27.9500,27.9685,27.9883,28.0094,28.0317,28.0549,28.0788,28.1030,28.1273,28.1511,28.1741,28.1958,28.2158,28.2338,28.2492,28.2619,28.2717,28.2782,28.2817,28.2819,28.2792,28.2738,28.2658,28.2558,28.2441,28.2311,28.2173,28.2030,28.1888,28.1749,28.1617,28.1494,28.1383,28.1285,28.1200,28.1130,28.1073,28.1031,28.1001,28.0983,28.0976,28.0979,28.0990,28.1008,28.1033,28.1063,28.1097,28.1135,28.1176,28.1219,28.1264,28.1310,28.1357
27.5000,27.5050,27.5100,27.5150,27.5201,27.5251,27.5301,27.5352,27.5403,27.5455,27.5508,27.5562,27.5618,27.5675,27.5736,27.5801,27.5870,27.5945,27.6026,27.6116,27.6215,27.6324,27.6443,27.6574,27.6715,27.6867,27.7027,27.7193,27.7363,27.7532,27.7698,27.7856,27.8001,27.8130,27.8238,27.8325,27.8387,27.8425,27.8438,27.8430,27.8401,27.8356,27.8298,27.8232,27.8163,27.8093,27.8027,27.7967,27.7915,27.7874,27.7844,27.7824,27.7816,27.7817,27.7828,27.7847,27.7874,27.7906,27.7944,27.7987,27.8033,27.8084,27.8137,27.8195,27.8256,27.8321,27.8391,27.8466,27.8548,27.8637,27.8734,27.8840,27.8956,27.9082,27.9220,27.9370,27.9531,27.9704,27.9887,28.0079,28.0280,28.0486,28.0695,28.0904,28.1109,28.1308,28.1496,28.1670,28.1827,28.1963,28.2077,28.2166,28.2229,28.2266,28.2277,28.2263,28.2227,28.2170,28.2096,28.2008,28.1909,28.1804,28.1695,28.1586,28.1480,28.1379,28.1287,28.1204,28.1131,28.1070,28.1020,28.0982,28.0956,28.0940,28.0934,28.0937,28.0948,28.0966,28.0990,28.1019,28.1052,28.1089,28.1129,28.1172,28.1216,28.1261,28.1308,28.1356
27.5000,27.5050,27.5100,27.5150,27.5200,27.5251,27.5301,27.5352,27.5403,27.5454,27.5506,27.5559,27.5613,27.5669,27.5727,27.5788,27.5852,27.5921,27.5995,27.6075,27.6162,27.6256,27.6358,27.6469,27.6588,27.6714,27.6846,27.6984,27.7124,27.7264,27.7401,27.7532,27.7653,27.7763,27.7857,27.7934,27.7994,27.8034,27.8057,27.8063,27.8053,27.8032,27.8001,27.7964,27.7924,27.7884,27.7847,27.7814,27.7788,27.7769,27.7758,27.7756,27.7762,27.7776,27.7797,27.7823,27.7856,27.7893,27.7934,27.7978,27.8026,27.8077,27.8130,27.8186,27.8245,27.8308,27.8374,27.8445,27.8521,27.8603,27.8692,27.8788,27.8892,27.9005,27.9127,27.9259,27.9400,27.9550,27.9710,27.9877,28.0050,28.0228,28.0408,28.0589,28.0766,28.0938,28.1102,28.1254,28.1391,28.1512,28.1614,28.1696,28.1757,28.1796,28.1814,28.1812,28.1791,28.1754,28.1702,28.1638,28.1566,28.1489,28.1408,28.1328,28.1250,28.1177,28.1110,28.1050,28.1000,28.0959,28.0927,28.0905,28.0892,28.0888,28.0892,28.0903,28.0921,28.0945,28.0973,28.1006,28.1043,28.1082,28.1124,28.1168,28.1213,28.1259,28.1307,28.1355
27.5000,27.5050,27.5100,27.5150,27.5200,27.5250,27.5301,27.5351,27.5402,27.5453,27.5505,27.5557,27.5610,27.5664,27.5720,27.5778,27.5839,27.5903,27.5971,27.6043,27.6120,27.6203,27.6292,27.6387,27.6489,27.6595,27.6707,27.6822,27.6939,27.7056,27.7171,27.7281,27.7384,27.7478,27.7561,27.7632,27.7689,27.7732,27.7761,27.7778,27.7784,27.7781,27.7771,27.7756,27.7739,27.7722,27.7707,27.7695,27.7689,27.7688,27.7692,27.7704,27.7721,27.7744,27.7772,27.7805,27.7842,27.7882,27.7926,27.7972,27.8020,27.8071,27.8124,27.8179,27.8237,27.8297,27.8361,27.8428,27.8499,27.8575,27.8656,27.8744,27.8838,27.8939,27.9048,27.9164,27.9289,27.9421,27.9560,27.9705,27.9855,28.0010,28.0166,28.0322,28.0476,28.0626,28.0768,28.0901,28.1022,28.1130,28.1223,28.1299,28.1357,28.1399,28.1423,28.1430,28.1422,28.1401,28.1368,28.1326,28.1276,28.1222,28.1166,28.1110,28.1055,28.1005,28.0960,28.0921,28.0889,28.0864,28.0848,28.0839,28.0838,28.0844,28.0856,28.0875,28.0899,28.0927,28.0960,28.0996,28.1035,28.1076,28.1120,28.1164,28.1211,28.1258,28.1305,28.1354
27.5000,27.5050,27.5100,27.5150,27.5200,27.5250,27.5301,27.5351,27.5401,27.5452,27.5503,27.5555,27.5607,27.5661,27.5715,27.5771,27.5829,27.5889,27.5952,27.6019,27.6089,27.6163,27.6242,27.6325,27.6413,27.6505,27.6600,27.6698,27.6797,27.6897,27.6994,27.7089,27.7178,27.7261,27.7335,27.7400,27.7455,27.7500,27.7535,27.7561,27.7578,27.7589,27.7594,27.7597,27.7597,27.7598,27.7600,27.7605,27.7613,27.7625,27.7642,27.7663,27.7689,27.7719,27.7753,27.7791,27.7831,27.7874,27.7919,27.7967,27.8016,27.8067,27.8119,27.8173,27.8230,27.8288,27.8349,27.8413,27.8480,27.8551,27.8627,27.8707,27.8792,27.8884,27.8981,27.9085,27.9195,27.9312,27.9434,27.9561,27.9692,27.9827,27.9962,28.0098,28.0233,28.0363,28.0488,28.0605,28.0713,28.0809,28.0894,28.0965,28.1022,28.1065,28.1094,28.1109,28.1113,28.1105,28.1088,28.1063,28.1033,28.0998,28.0962,28.0927,28.0892,28.0861,28.0834,28.0812,28.0795,28.0785,28.0781,28.0784,28.0792,28.0807,28.0826,28.0851,28.0880,28.0912,28.0948,28.0987,28.1028,28.1071,28.1116,28.1162,28.1208,28.1256,28.1304,28.1353
27.5000,27.5050,27.5100,27.5150,27.5200,27.5250,27.5300,27.5351,27.5401,27.5452,27.5502,27.5554,27.5605,27.5658,27.5711,27.5765,27.5821,27.5878,27.5938,27.6000,27.6065,27.6132,27.6203,27.6278,27.6355,27.6436,27.6519,27.6604,27.6690,27.6776,27.6861,27.6943,27.7022,27.7096,27.7163,27.7224,27.7278,27.7324,27.7363,27.7396,27.7422,27.7443,27.7461,27.7476,27.7490,27.7504,27.7519,27.7536,27.7555,27.7578,27.7604,27.7633,27.7665,27.7701,27.7739,27.7780,27.7823,27.7868,27.7914,27.7963,27.8012,27.8063,27.8115,27.8169,27.8224,27.8281,27.8339,27.8400,27.8464,27.8531,27.8602,27.8676,27.8755,27.8838,27.8926,27.9019,27.9118,27.9221,27.9329,27.9441,27.9556,27.9674,27.9793,27.9912,28.0030,28.0144,28.0254,28.0358,28.0455,28.0542,28.0620,28.0687,28.0743,28.0787,28.0820,28.0842,28.0855,28.0858,28.0854,28.0844,28.0830,28.0812,28.0793,28.0774,28.0756,28.0741,28.0729,28.0721,28.0718,28.0719,28.0726,28.0738,28.0755,28.0776,28.0802,28.0831,28.0864,28.0900,28.0939,28.0980,28.1023,28.1067,28.1113,28.1159,28.1207,28.1255,28.1304,28.1352
27.5000,27.5050,27.5100,27.5150,27.5200,27.5250,27.5300,27.5350,27.5401,27.5451,27.5502,27.5553,27.5604,27.5656,27.5708,27.5761,27.5815,27.5871,27.5927,27.5986,27.6047,27.6110,27.6175,27.6242,27.6312,27.6384,27.6458,27.6533,27.6610,27.6686,27.6761,27.6834,27.6905,27.6972,27.7035,27.7093,27.7145,27.7193,27.7235,27.7272,27.7305,27.7334,27.7361,27.7386,27.7410,27.7433,27.7458,27.7484,27.7512,27.7542,27.7575,27.7610,27.7647,27.7687,27.7728,27.7772,27.7817,27.7863,27.7911,27.7959,27.8009,27.8060,27.8112,27.8165,27.8219,27.8274,27.8331,27.8390,27.8451,27.8515,27.8581,27.8651,27.8723,27.8800,27.8880,27.8965,27.9054,27.9146,27.9242,27.9342,27.9444,27.9548,27.9653,27.9758,27.9862,27.9964,28.0062,28.0155,28.0242,28.0322,28.0394,28.0457,28.0512,28.0557,28.0594,28.0622,28.0642,28.0655,28.0662,28.0664,28.0662,28.0658,28.0653,28.0648,28.0644,28.0642,28.0642,28.0646,28.0654,28.0665,28.0680,28.0700,28.0723,28.0751,28.0781,28.0815,28.0851,28.0890,28.0931,28.0974,28.1018,28.1064,28.1110,28.1157,28.1205,28.1254,28.1303,28.1352
27.5000,27.5050,27.5100,27.5150,27.5200,27.5250,27.5300,27.5350,27.5401,27.5451,27.5501,27.5552,27.5603,27.5654,27.5706,27.5758,27.5811,27.5865,27.5920,27.5976,27.6033,27.6093,27.6153,27.6216,27.6280,27.6346,27.6413,27.6481,27.6550,27.6619,27.6687,27.6753,27.6818,27.6880,27.6939,27.6995,27.7047,27.7095,27.7139,27.7180,27.7218,27.7253,27.7287,27.7319,27.7350,27.7381,27.7413,27.7446,27.7480,27.7516,27.7554,27.7593,27.7634,27.7676,27.7720,27.7765,27.7812,27.7859,27.7908,27.7957,27.8007,27.8058,27.8109,27.8162,27.8215,27.8269,27.8325,27.8382,27.8441,27.8501,27.8564,27.8630,27.8698,27.8769,27.8843,27.8920,27.9001,27.9085,27.9171,27.9260,27.9352,27.9445,27.9538,27.9632,27.9725,27.9816,27.9903,27.9988,28.0067,28.0141,28.0208,28.0269,28.0323,28.0369,28.0408,28.0441,28.0467,28.0488,28.0503,28.0516,28.0525,28.0532,28.0538,28.0545,28.0552,28.0560,28.0571,28.0585,28.0601,28.0620,28.0643,28.0669,28.0698,28.0730,28.0764,28.0801,28.0841,28.0882,28.0925,28.0969,28.1014,28.1061,28.1108,28.1156,28.1204,28.1253,28.1302,28.1352
27.5000,27.5050,27.5100,27.5150,27.5200,27.5250,27.5300,27.5350,27.5400,27.5451,27.5501,27.5551,27.5602,27.5653,27.5704,27.5756,27.5808,27.5860,27.5914,27.5968,27.6024,27.6080,27.6138,27.6197,27.6257,27.6318,27.6380,27.6443,27.6506,27.6569,27.6632,27.6694,27.6754,27.6813,27.6870,27.6924,27.6975,27.7024,27.7070,27.7113,27.7154,27.7194,27.7232,27.7269,27.7306,27.7343,27.7380,27.7418,27.7457,27.7497,27.7538,27.7580,27.7624,27.7669,27.7714,27.7761,27.7809,27.7857,27.7906,27.7955,27.8005,27.8056,27.8107,27.8159,27.8212,27.8265,27.8320,27.8375,27.8432,27.8490,27.8551,27.8613,27.8677,27.8744,27.8813,27.8884,27.8958,27.9035,27.9113,27.9194,27.9277,27.9360,27.9445,27.9529,27.9613,27.9695,27.9775,27.9852,27.9925,27.9994,28.0057,28.0116,28.0169,28.0216,28.0257,28.0294,28.0325,28.0352,28.0375,28.0395,28.0413,28.0429,28.0445,28.0460,28.0477,28.0494,28.0513,28.0535,28.0558,28.0584,28.0613,28.0644,28.0677,28.0713,28.0751,28.0790,28.0832,28.0875,28.0919,28.0965,28.1011,28.1058,28.1106,28.1155,28.1203,28.1252,28.1302,28.1351
27.5000,27.5050,27.5100,27.5150,27.5200,27.5250,27.5300,27.5350,27.5400,27.5450,27.5501,27.5551,27.5601,27.5652,27.5703,27.5754,27.5805,27.5857,27.5910,27.5963,27.6017,27.6071,27.6127,27.6183,27.6240,27.6298,27.6356,27.6415,27.6474,27.6534,27.6593,27.6651,27.6708,27.6764,27.6819,27.6872,27.6923,27.6972,27.7019,27.7064,27.7108,27.7151,27.7193,27.7234,27.7274,27.7315,27.7356,27.7398,27.7440,27.7483,27.7527,27.7571,27.7617,27.7663,27.7710,27.7758,27.7806,27.7855,27.7904,27.7954,27.8004,27.8055,27.8106,27.8157,27.8209,27.8262,27.8315,27.8370,27.8425,27.8482,27.8540,27.8599,27.8660,27.8723,27.8788,27.8855,27.8924,27.8994,27.9067,27.9141,27.9216,27.9293,27.9370,27.9446,27.9523,27.9598,27.9671,27.9742,27.9810,27.9875,27.9936,27.9992,28.0044,28.0092,28.0136,28.0175,28.0210,28.0242,28.0271,28.0298,28.0323,28.0346,28.0370,28.0393,28.0416,28.0441,28.0467,28.0494,28.0524,28.0555,28.0588,28.0623,28.0660,28.0699,28.0740,28.0782,28.0825,28.0870,28.0915,28.0962,28.1009,28.1057,28.1105,28.1154,28.1203,28.1252,28.1301,28.1351
27.5000,27.5050,27.5100,27.5150,27.5200,27.5250,27.5300,27.5350,27.5400,27.5450,27.5500,27.5551,27.5601,27.5651,27.5702,27.5753,27.5804,27.5855,27.5907,27.5959,27.6012,27.6065,27.6118,27.6173,27.6228,27.6283,27.6339,27.6395,27.6452,27.6508,27.6564,27.6620,27.6675,27.6729,27.6783,27.6835,27.6885,27.6935,27.6983,27.7029,27.7075,27.7120,27.7164,27.7208,27.7252,27.7295,27.7339,27.7383,27.7428,27.7473,27.7518,27.7565,27.7612,27.7659,27.7707,27.7755,27.7804,27.7853,27.7903,27.7953,27.8003,27.8053,27.8104,27.8155,27.8207,27.8259,27.8312,27.8365,27.8419,27.8475,27.8531,27.8588,27.8647,27.8707,27.8768,27.8831,27.8896,27.8962,27.9029,27.9098,27.9168,27.9238,27.9309,27.9380,27.9450,27.9520,27.9588,27.9654,27.9718,27.9780,27.9838,27.9893,27.9945,27.9993,28.0038,28.0080,28.0118,28.0154,28.0188,28.0220,28.0250,28.0280,28.0309,28.0338,28.0368,28.0398,28.0429,28.0462,28.0496,28.0531,28.0568,28.0607,28.0647,28.0688,28.0731,28.0774,28.0819,28.0865,28.0912,28.0959,28.1007,28.1055,28.1104,28.1153,28.1202,28.1251,28.1301,28.1351
27.5000,27.5050,27.5100,27.5150,27.5200,27.5250,27.5300,27.5350,27.5400,27.5450,27.5500,27.5550,27.5601,27.5651,27.5701,27.5752,27.5803,27.5853,27.5905,27.5956,27.6008,27.6060,27.6113,27.6166,27.6219,27.6273,27.6327,27.6381,27.6436,27.6490,27.6544,27.6598,27.6652,27.6705,27.6757,27.6808,27.6859,27.6908,27.6957,27.7005,27.7052,27.7098,27.7144,27.7190,27.7236,27.7281,27.7327,27.7373,27.7419,27.7466,27.7513,27.7560,27.7608,27.7656,27.7705,27.7754,27.7803,27.7852,27.7902,27.7952,27.8002,27.8053,27.8103,27.8154,27.8205,27.8257,27.8309,27.8362,27.8415,27.8469,27.8524,27.8579,27.8636,27.8694,27.8753,27.8813,27.8874,27.8936,27.9000,27.9064,27.9129,27.9195,27.9261,27.9327,27.9393,27.9458,27.9522,27.9585,27.9645,27.9704,27.9761,27.9814,27.9866,27.9914,27.9961,28.0004,28.0045,28.0085,28.0122,28.0158,28.0193,28.0227,28.0261,28.0295,28.0329,28.0364,28.0400,28.0436,28.0474,28.0513,28.0553,28.0594,28.0636,28.0679,28.0724,28.0769,28.0815,28.0862,28.0909,28.0957,28.1005,28.1054,28.1103,28.1152,28.1202,28.1251,28.1301,28.1351
27.5000,27.5050,27.5100,27.5150,27.5200,27.5250,27.5300,27.5350,27.5400,27.5450,27.5500,27.5550,27.5600,27.5651,27.5701,27.5751,27.5802,27.5852,27.5903,27.5954,27.6005,27.6057,27.6109,27.6161,27.6213,27.6265,27.6318,27.6371,27.6424,27.6477,27.6530,27.6583,27.6635,27.6687,27.6739,27.6790,27.6840,27.6890,27.6939,27.6987,27.7035,27.7083,27.7130,27.7177,27.7224,27.7271,27.7318,27.7365,27.7413,27.7461,27.7509,27.7557,27.7605,27.7654,27.7703,27.7753,27.7802,27.7852,27.7902,27.7952,27.8002,27.8052,27.8102,27.8153,27.8204,27.8255,27.8307,27.8359,27.8411,27.8464,27.8518,27.8572,27.8628,27.8683,27.8740,27.8798,27.8857,27.8916,27.8976,27.9037,27.9099,27.9161,27.9223,27.9286,27.9348,27.9409,27.9470,27.9530,27.9588,27.9644,27.9699,27.9752,27.9803,27.9852,27.9899,27.9944,27.9988,28.0030,28.0070,28.0109,28.0148,28.0186,28.0223,28.0261,28.0299,28.0337,28.0376,28.0416,28.0457,28.0498,28.0540,28.0583,28.0628,28.0672,28.0718,28.0764,28.0811,28.0859,28.0907,28.0955,28.1004,28.1053,28.1102,28.1152,28.1201,28.1251,28.1301,28.1350
27.5000,27.5050,27.5100,27.5150,27.5200,27.5250,27.5300,27.5350,27.5400,27.5450,27.5500,27.5550,27.5600,27.5650,27.5701,27.5751,27.5801,27.5852,27.5902,27.5953,27.6004,27.6055,27.6106,27.6157,27.6209,27.6260,27.6312,27.6364,27.6416,27.6468,27.6520,27.6572,27.6624,27.6675,27.6726,27.6777,27.6827,27.6877,27.6926,27.6975,27.7024,27.7072,27.7120,27.7168,27.7216,27.7264,27.7312,27.7360,27.7409,27.7457,27.7506,27.7555,27.7604,27.7653,27.7702,27.7752,27.7801,27.7851,27.7901,27.7951,27.8001,27.8051,27.8102,27.8152,27.8203,27.8254,27.8305,27.8357,27.8409,27.8461,27.8514,27.8567,27.8621,27.8675,27.8731,27.8786,27.8843,27.8900,27.8958,27.9016,27.9075,27.9134,27.9194,27.9253,27.9312,27.9371,27.9429,27.9486,27.9543,27.9598,27.9652,27.9704,27.9755,27.9804,27.9852,27.9898,27.9943,27.9986,28.0029,28.0071,28.0112,28.0153,28.0194,28.0234,28.0275,28.0316,28.0358,28.0400,28.0443,28.0486,28.0531,28.0575,28.0621,28.0667,28.0714,28.0761,28.0809,28.0857,28.0905,28.0954,28.1003,28.1052,28.1102,28.1151,28.1201,28.1251,28.1300,28.1350
27.5000,27.5050,27.5100,27.5150,27.5200,27.5250,27.5300,27.5350,27.5400,27.5450,27.5500,27.5550,27.5600,27.5650,27.5700,27.5751,27.5801,27.5851,27.5901,27.5952,27.6002,27.6053,27.6104,27.6155,27.6206,27.6257,27.6308,27.6360,27.6411,27.6462,27.6514,27.6565,27.6616,27.6667,27.6717,27.6768,27.6818,27.6868,27.6917,27.6967,27.7016,27.7065,27.7114,27.7162,27.7211,27.7260,27.7308,27.7357,27.7406,27.7455,27.7504,27.7553,27.7602,27.7652,27.7702,27.7751,27.7801,27.7851,27.7901,27.7951,27.8001,27.8051,27.8101,27.8152,27.8202,27.8253,27.8304,27.8355,27.8407,27.8458,27.8510,27.8563,27.8616,27.8669,27.8723,27.8778,27.8832,27.8888,27.8944,27.9000,27.9057,27.9114,27.9171,27.9228,27.9285,27.9341,27.9397,27.9453,27.9508,27.9562,27.9614,27.9666,27.9717,27.9766,27.9814,27.9862,27.9908,27.9953,27.9997,28.0041,28.0085,28.0128,28.0171,28.0214,28.0257,28.0300,28.0344,28.0388,28.0432,28.0478,28.0523,28.0569,28.0616,28.0663,28.0710,28.0758,28.0807,28.0855,28.0904,28.0953,28.1002,28.1052,28.1101,28.1151,28.1201,28.1251,28.1300,28.1350
27.5000,27.5050,27.5100,27.5150,27.5200,27.5250,27.5300,27.5350,27.5400,27.5450,27.5500,27.5550,27.5600,27.5650,27.5700,27.5750,27.5801,27.5851,27.5901,27.5951,27.6002,27.6052,27.6103,27.6153,27.6204,27.6255,27.6305,27.6356,27.6407,27.6458,27.6509,27.6560,27.6610,27.6661,27.6711,27.6762,27.6812,27.6862,27.6911,27.6961,27.7010,27.7060,27.7109,27.7158,27.7207,27.7256,27.7305,27.7355,27.7404,27.7453,27.7503,27.7552,27.7602,27.7651,27.7701,27.7751,27.7801,27.7851,27.7901,27.7951,27.8001,27.8051,27.8101,27.8151,27.8202,27.8252,27.8303,27.8354,27.8405,27.8456,27.8508,27.8560,27.8612,27.8664,27.8717,27.8771,27.8824,27.8878,27.8933,27.8988,27.9043,27.9098,27.9153,27.9208,27.9264,27.9318,27.9373,27.9427,27.9481,27.9534,27.9586,27.9637,27.9687,27.9737,27.9786,27.9834,27.9881,27.9927,27.9973,28.0018,28.0064,28.0108,28.0153,28.0198,28.0243,28.0288,28.0333,28.0378,28.0424,28.0471,28.0517,28.0564,28.0612,28.0660,28.0708,28.0756,28.0805,28.0854,28.0903,28.0952,28.1002,28.1051,28.1101,28.1151,28.1201,28.1250,28.1300,28.1350
27.5000,27.5050,27.5100,27.5150,27.5200,27.5250,27.5300,27.5350,27.5400,27.5450,27.5500,27.5550,27.5600,27.5650,27.5700,27.5750,27.5800,27.5850,27.5901,27.5951,27.6001,27.6051,27.6102,27.6152,27.6203,27.6253,27.6304,27.6354,27.6405,27.6455,27.6506,27.6556,27.6607,27.6657,27.6707,27.6758,27.6808,27.6858,27.6907,27.6957,27.7007,27.7056,27.7106,27.7155,27.7205,27.7254,27.7304,27.7353,27.7403,27.7452,27.7502,27.7551,27.7601,27.7651,27.7701,27.7751,27.7800,27.7850,27.7900,27.7950,27.8000,27.8051,27.8101,27.8151,27.8201,27.8252,27.8302,27.8353,27.8404,27.8455,27.8506,27.8557,27.8609,27.8661,27.8713,27.8765,27.8818,27.8871,27.8924,27.8978,27.9032,27.9086,27.9140,27.9193,27.9247,27.9301,27.9354,27.9407,27.9460,27.9512,27.9564,27.9615,27.9665,27.9715,27.9764,27.9812,27.9860,27.9907,27.9954,28.0001,28.0047,28.0093,28.0140,28.0186,28.0232,28.0278,28.0324,28.0371,28.0418,28.0465,28.0513,28.0561,28.0609,28.0657,28.0706,28.0755,28.0804,28.0853,28.0902,28.0952,28.1001,28.1051,28.1101,28.1151,28.1200,28.1250,28.1300,28.1350
27.5000,27.5050,27.5100,27.5150,27.5200,27.5250,27.5300,27.5350,27.5400,27.5450,27.5500,27.5550,27.5600,27.5650,27.5700,27.5750,27.5800,27.5850,27.5900,27.5951,27.6001,27.6051,27.6101,27.6151,27.6202,27.6252,27.6302,27.6353,27.6403,27.6453,27.6504,27.6554,27.6604,27.6655,27.6705,27.6755,27.6805,27.6855,27.6905,27.6955,27.7004,27.7054,27.7104,27.7153,27.7203,27.7253,27.7302,27.7352,27.7402,27.7451,27.7501,27.7551,27.7601,27.7651,27.7700,27.7750,27.7800,27.7850,27.7900,27.7950,27.8000,27.8050,27.8101,27.8151,27.8201,27.8251,27.8302,27.8352,27.8403,27.8453,27.8504,27.8555,27.8607,27.8658,27.8710,27.8761,27.8813,27.8866,27.8918,27.8971,27.9023,27.9076,27.9129,27.9182,27.9235,27.9288,27.9340,27.9392,27.9444,27.9496,27.9547,27.9598,27.9648,27.9698,27.9747,27.9796,27.9844,27.9892,27.9940,27.9988,28.0035,28.0082,28.0129,28.0176,28.0223,28.0271,28.0318,28.0366,28.0413,28.0461,28.0510,28.0558,28.0607,28.0655,28.0704,28.0753,28.0803,28.0852,28.0902,28.0951,28.1001,28.1051,28.1101,28.1150,28.1200,28.1250,28.1300,28.1350
27.5000,27.5050,27.5100,27.5150,27.5200,27.5250,27.5300,27.5350,27.5400,27.5450,27.5500,27.5550,27.5600,27.5650,27.5700,27.5750,27.5800,27.5850,27.5900,27.5950,27.6000,27.6051,27.6101,27.6151,27.6201,27.6251,27.6301,27.6352,27.6402,27.6452,27.6502,27.6553,27.6603,27.6653,27.6703,27.6753,27.6803,27.6853,27.6903,27.6953,27.7003,27.7053,27.7102,27.7152,27.7202,27.7252,27.7301,27.7351,27.7401,27.7451,27.7501,27.7551,27.7600,27.7650,27.7700,27.7750,27.7800,27.7850,27.7900,27.7950,27.8000,27.8050,27.8100,27.8151,27.8201,27.8251,27.8301,27.8352,27.8402,27.8453,27.8503,27.8554,27.8605,27.8656,27.8707,27.8758,27.8810,27.8861,27.8913,27.8965,27.9017,27.9069,27.9121,27.9174,27.9226,27.9278,27.9330,27.9381,27.9433,27.9484,27.9535,27.9585,27.9635,27.9685,27.9735,27.9784,27.9833,27.9881,27.9930,27.9978,28.0026,28.0074,28.0121,28.0169,28.0217,28.0265,28.0313,28.0361,28.0410,28.0458,28.0507,28.0556,28.0605,28.0654,28.0703,28.0753,28.0802,28.0852,28.0901,28.0951,28.1001,28.1051,28.1100,28.1150,28.1200,28.1250,28.1300,28.1350
27.5000,27.5050,27.5100,27.5150,27.5200,27.5250,27.5300,27.5350,27.5400,27.5450,27.5500,27.5550,27.5600,27.5650,27.5700,27.5750,27.5800,27.5850,27.5900,27.5950,27.6000,27.6050,27.6100,27.6151,27.6201,27.6251,27.6301,27.6351,27.6401,27.6451,27.6502,27.6552,27.6602,27.6652,27.6702,27.6752,27.6802,27.6852,27.6902,27.6952,27.7002,27.7052,27.7102,27.7151,27.7201,27.7251,27.7301,27.7351,27.7401,27.7451,27.7500,27.7550,27.7600,27.7650,27.7700,27.7750,27.7800,27.7850,27.7900,27.7950,27.8000,27.8050,27.8100,27.8150,27.8201,27.8251,27.8301,27.8351,27.8401,27.8452,27.8502,27.8553,27.8603,27.8654,27.8705,27.8756,27.8807,27.8858,27.8910,27.8961,27.9013,27.9064,27.9116,27.9167,27.9219,27.9270,27.9322,27.9373,27.9424,27.9475,27.9525,27.9576,27.9626,27.9676,27.9725,27.9775,27.9824,27.9873,27.9922,27.9970,28.0019,28.0067,28.0116,28.0164,28.0213,28.0261,28.0310,28.0358,28.0407,28.0456,28.0505,28.0554,28.0603,28.0653,28.0702,28.0752,28.0801,28.0851,28.0901,28.0951,28.1001,28.1050,28.1100,28.1150,28.1200,28.1250,28.1300,28.1350
27.5000,27.5050,27.5100,27.5150,27.5200,27.5250,27.5300,27.5350,27.5400,27.5450,27.5500,27.5550,27.5600,27.5650,27.5700,27.5750,27.5800,27.5850,27.5900,27.5950,27.6000,27.6050,27.6100,27.6150,27.6200,27.6250,27.6301,27.6351,27.6401,27.6451,27.6501,27.6551,27.6601,27.6651,27.6701,27.6751,27.6801,27.6851,27.6901,27.6951,27.7001,27.7051,27.7101,27.7151,27.7201,27.7251,27.7301,27.7350,27.7400,27.7450,27.7500,27.7550,27.7600,27.7650,27.7700,27.7750,27.7800,27.7850,27.7900,27.7950,27.8000,27.8050,27.8100,27.8150,27.8200,27.8250,27.8301,27.8351,27.8401,27.8451,27.8502,27.8552,27.8603,27.8653,27.8704,27.8754,27.8805,27.8856,27.8907,27.8958,27.9009,27.9060,27.9111,27.9162,27.9214,27.9265,27.9316,27.9366,27.9417,27.9468,27.9518,27.9569,27.9619,27.9669,27.9718,27.9768,27.9817,27.9866,27.9916,27.9965,28.0014,28.0062,28.0111,28.0160,28.0209,28.0258,28.0307,28.0356,28.0405,28.0454,28.0504,28.0553,28.0603,28.0652,28.0702,28.0751,28.0801,28.0851,28.0901,28.0950,28.1000,28.1050,28.1100,28.1150,28.1200,28.1250,28.1300,28.1350
